Date-Monthly,"India, Retail, Patna, Onions, USD/tonne" Commodity Code: 71110 ,"India, Retail, Patna, Onions, Indian Rupee-real/tonne" Commodity Code: 71110 ,"India, Retail, Patna, Wheat, USD/tonne" Commodity Code: 1001 ,"India, Retail, Patna, Wheat, Indian Rupee-real/tonne" Commodity Code: 1001 ,"India, Wholesale, Patna, Wheat, USD/tonne" Commodity Code: 1001 ,"India, Wholesale, Patna, Wheat, Indian Rupee-real/tonne" Commodity Code: 1001 ,"India, Wholesale, Patna, Rice, USD/tonne" Commodity Code: 1006 ,"India, Wholesale, Patna, Rice, Indian Rupee-real/tonne" Commodity Code: 1006 ,"India, Retail, Patna, Rice, USD/tonne" Commodity Code: 1006 ,"India, Retail, Patna, Rice, Indian Rupee-real/tonne" Commodity Code: 1006 ,"India, Retail, Patna, Wheat (flour), USD/tonne" Commodity Code: 1001_14 ,"India, Retail, Patna, Wheat (flour), Indian Rupee-real/tonne" Commodity Code: 1001_14 
May-20,250.00,"10,064.44",260.00,"10,701.16",237.90,"9,631.05",370.10,"14,981.63",400.00,"16,051.75",330.00,"13,376.45"
Apr-20,280.00,"11,442.76",280.00,"11,335.32",249.20,"10,198.18",373.60,"15,292.84",390.00,"16,116.56",350.00,"14,166.46"
Mar-20,390.00,"15,783.93",340.00,"13,760.35",281.90,"11,309.55",423.70,"16,998.08",450.00,"18,077.33",390.00,"15,584.27"
Feb-20,460.00,"17,698.93",350.00,"13,231.29",273.60,"10,491.98",451.10,"17,296.68",480.00,"18,369.35",400.00,"15,355.17"
Jan-20,860.00,"32,517.93",340.00,"12,793.94",259.40,"9,861.99",452.10,"17,186.52",480.00,"18,252.69",430.00,"16,163.01"
Dec-19,"1,360.00","51,442.30",340.00,"12,863.24",260.80,"9,895.31",451.30,"17,125.22",480.00,"18,194.05",400.00,"15,128.83"
Nov-19,900.00,"34,518.28",340.00,"13,166.93",262.70,"10,068.39",447.90,"17,162.60",480.00,"18,235.26",410.00,"15,794.96"
Oct-19,650.00,"24,980.17",330.00,"12,774.26",257.60,"9,905.46",450.50,"17,321.02",480.00,"18,403.59",420.00,"16,103.14"
Sep-19,580.00,"22,524.98",310.00,"12,193.98",249.80,"9,734.53",448.60,"17,482.40",480.00,"18,575.05",390.00,"15,297.10"
Aug-19,350.00,"13,650.03",320.00,"12,644.01",260.00,"10,170.18",449.80,"17,591.67",480.00,"18,691.15",390.00,"15,392.71"
Jul-19,350.00,"13,295.77",330.00,"12,418.94",265.40,"10,069.33",461.80,"17,524.28",490.00,"18,628.42",390.00,"14,663.40"
Jun-19,280.00,"10,866.75",330.00,"12,731.69",265.50,"10,262.62",460.80,"17,814.35",490.00,"18,927.74",370.00,"14,401.78"
May-19,240.00,"9,451.32",310.00,"12,202.12",245.40,"9,591.16",458.60,"17,927.81",490.00,"19,048.30",360.00,"14,078.94"
Apr-19,210.00,"8,243.27",340.00,"13,475.67",263.00,"10,296.71",448.60,"17,559.47",460.00,"18,149.86",390.00,"15,302.50"
Mar-19,210.00,"8,414.40",400.00,"15,815.42",307.30,"12,153.51",460.60,"18,217.91",470.00,"18,787.22",430.00,"17,153.30"
Feb-19,210.00,"8,411.91",390.00,"16,044.52",299.40,"12,218.30",449.30,"18,336.59",460.00,"18,909.61",420.00,"17,190.55"
Jan-19,230.00,"9,454.80",380.00,"15,207.91",298.50,"12,096.65",452.40,"18,336.59",470.00,"18,909.61",420.00,"17,093.14"
Dec-18,250.00,"10,239.40",360.00,"14,727.91",289.70,"11,992.72",451.80,"18,702.10",470.00,"19,286.54",410.00,"17,065.67"
Nov-18,260.00,"10,921.98",350.00,"14,795.64",281.30,"11,773.89",439.10,"18,378.05",450.00,"18,960.55",410.00,"17,125.66"
Oct-18,250.00,"10,764.70",340.00,"14,562.64",268.40,"11,511.42",427.50,"18,335.06",450.00,"19,222.68",390.00,"16,892.66"
Sep-18,270.00,"11,396.59",350.00,"14,611.02",268.30,"11,324.88",429.30,"18,117.66",460.00,"19,286.54",400.00,"16,948.78"
Aug-18,320.00,"12,857.70",360.00,"14,611.02",279.20,"11,347.50",441.70,"17,954.02",470.00,"19,122.90",420.00,"16,948.78"
Jul-18,330.00,"13,173.30",320.00,"12,904.45",250.60,"10,059.10",431.10,"17,308.45",460.00,"18,480.02",390.00,"15,557.81"
Jun-18,260.00,"10,639.63",310.00,"12,695.02",235.60,"9,655.47",472.00,"19,344.79",500.00,"20,553.84",350.00,"14,508.59"
May-18,240.00,"9,788.03",310.00,"12,782.87",234.80,"9,651.68",473.80,"19,478.66",500.00,"20,696.08",360.00,"14,609.00"
Apr-18,260.00,"10,622.19",320.00,"12,851.69",249.30,"9,996.22",487.50,"19,546.30",520.00,"20,767.94",370.00,"14,684.16"
Mar-18,320.00,"12,933.25",330.00,"13,104.87",256.80,"10,236.27",492.10,"19,614.40",520.00,"20,840.30",370.00,"14,943.72"
Feb-18,510.00,"20,031.21",340.00,"13,484.90",267.70,"10,561.37",497.10,"19,614.40",530.00,"20,840.30",390.00,"15,323.75"
Jan-18,670.00,"26,222.58",340.00,"13,144.88",264.80,"10,291.19",500.50,"19,455.83",530.00,"20,676.32",390.00,"14,977.35"
Dec-17,700.00,"27,796.06",330.00,"12,916.96",256.10,"10,118.28",467.00,"18,452.80",500.00,"19,682.98",370.00,"14,762.24"
Nov-17,610.00,"24,359.57",320.00,"12,827.26",254.40,"10,078.56",462.50,"18,324.65",490.00,"19,546.30",370.00,"14,659.72"
Oct-17,480.00,"19,271.15",320.00,"12,871.95",251.60,"10,035.22",461.00,"18,388.50",490.00,"19,614.40",370.00,"14,710.80"
Sep-17,390.00,"15,696.70",330.00,"12,962.28",253.40,"10,080.95",465.50,"18,517.54",500.00,"19,752.05",370.00,"14,814.03"
Aug-17,460.00,"18,017.57",330.00,"12,962.28",257.90,"10,184.65",452.80,"17,880.35",480.00,"19,116.28",380.00,"14,814.03"
Jul-17,220.00,"8,839.04",320.00,"12,721.55",255.00,"10,144.84",422.40,"16,805.16",450.00,"18,042.26",370.00,"14,672.07"
Jun-17,210.00,"8,312.06",310.00,"12,565.48",256.10,"10,366.52",403.50,"16,335.12",430.00,"17,591.67",360.00,"14,450.30"
May-17,220.00,"8,859.11",310.00,"12,655.88",256.10,"10,441.10",389.20,"15,865.03",420.00,"17,104.42",360.00,"14,554.26"
Apr-17,220.00,"9,081.62",320.00,"12,981.00",269.60,"11,043.31",372.00,"15,241.88",400.00,"16,512.03",380.00,"15,451.45"
Mar-17,220.00,"9,294.80",330.00,"14,092.52",288.90,"12,174.90",364.30,"15,352.73",390.00,"16,632.12",390.00,"16,421.02"
Feb-17,210.00,"8,988.44",350.00,"15,062.06",303.50,"13,069.90",357.80,"15,408.76",390.00,"16,692.82",380.00,"16,346.13"
Jan-17,240.00,"10,272.51",350.00,"15,408.76",310.40,"13,568.25",359.90,"15,729.77",390.00,"17,026.68",390.00,"16,879.01"
Dec-16,240.00,"10,396.42",350.00,"15,108.70",317.70,"13,790.92",365.20,"15,856.78",390.00,"17,141.94",390.00,"16,898.98"
Nov-16,180.00,"7,771.99",320.00,"13,637.52",286.60,"12,318.63",352.30,"15,141.65",380.00,"16,522.62",350.00,"15,054.65"
Oct-16,180.00,"7,614.21",310.00,"12,931.47",272.50,"11,543.34",359.60,"15,228.43",390.00,"16,497.46",330.00,"13,959.39"
Sep-16,200.00,"8,554.14",270.00,"11,656.05",248.70,"10,573.25",359.60,"15,286.62",390.00,"16,560.51",330.00,"14,012.74"
Aug-16,220.00,"9,531.07",280.00,"12,072.69",251.70,"10,706.57",358.50,"15,249.71",390.00,"16,520.52",340.00,"14,423.69"
Jul-16,210.00,"8,998.85",270.00,"11,351.91",235.80,"10,077.57",357.10,"15,263.07",390.00,"16,535.00",310.00,"13,355.19"
Jun-16,210.00,"8,894.99",250.00,"10,894.44",219.30,"9,458.94",357.20,"15,406.02",390.00,"16,687.72",280.00,"12,176.14"
May-16,190.00,"8,039.23",250.00,"11,021.52",216.70,"9,400.71",373.60,"16,208.11",400.00,"17,504.76",280.00,"12,318.17"
Apr-16,220.00,"9,405.01",270.00,"11,638.38",234.20,"10,196.32",372.70,"16,224.76",400.00,"17,532.89",320.00,"13,721.10"
Mar-16,220.00,"9,925.54",270.00,"11,910.65",238.70,"10,587.24",358.80,"15,910.97",390.00,"17,237.35",330.00,"14,557.46"
Feb-16,240.00,"10,739.43",260.00,"11,910.65",234.50,"10,587.24",351.70,"15,880.86",380.00,"17,204.27",320.00,"14,259.69"
Jan-16,270.00,"12,034.19",270.00,"11,882.36",237.90,"10,562.10",356.90,"15,843.14",390.00,"17,163.40",310.00,"13,565.69"
Dec-15,300.00,"13,223.56",270.00,"11,901.20",246.50,"10,851.91",360.40,"15,868.27",390.00,"17,190.63",310.00,"13,441.75"
Nov-15,510.00,"21,989.54",270.00,"11,571.02",246.70,"10,731.67",363.40,"15,805.60",390.00,"17,122.73",320.00,"13,889.17"
Oct-15,650.00,"28,146.35",260.00,"11,240.02",245.90,"10,578.85",368.80,"15,868.27",400.00,"17,190.63",320.00,"13,884.74"
Sep-15,730.00,"32,312.62",260.00,"11,302.77",238.60,"10,504.93",368.50,"16,222.80",390.00,"17,286.59",300.00,"13,363.86"
Aug-15,630.00,"27,357.27",260.00,"11,357.11",215.10,"9,352.91",353.50,"15,365.50",400.00,"17,369.69",310.00,"13,361.30"
Jul-15,330.00,"14,347.71",270.00,"11,710.21",235.70,"10,118.27",361.40,"15,514.68",410.00,"17,538.33",310.00,"13,491.03"
Jun-15,330.00,"14,085.55",250.00,"10,886.14",228.40,"9,888.49",390.60,"16,906.19",420.00,"18,376.29",310.00,"13,556.84"
May-15,380.00,"16,455.50",270.00,"11,655.98",250.80,"10,970.33",360.50,"15,769.85",380.00,"16,455.50",310.00,"13,712.92"
Apr-15,330.00,"14,181.27",270.00,"11,742.89",246.50,"10,686.45",366.50,"15,887.44",380.00,"16,578.20",320.00,"13,815.17"
Mar-15,330.00,"14,261.07",270.00,"11,791.74",256.20,"11,098.11",368.30,"15,953.53",380.00,"16,647.16",320.00,"13,872.64"
Feb-15,260.00,"11,144.47",290.00,"12,537.52",241.80,"10,447.94",338.50,"14,627.11",400.00,"17,413.23",340.00,"14,627.11"
Jan-15,310.00,"13,486.44",290.00,"12,558.51",241.10,"10,465.42",337.50,"14,651.59",400.00,"17,442.37",340.00,"14,651.59"
Dec-14,360.00,"15,700.46",290.00,"12,515.87",241.50,"10,539.68",345.50,"15,077.59",400.00,"17,383.15",330.00,"14,601.85"
Nov-14,330.00,"14,344.58",290.00,"12,515.87",266.90,"11,451.19",371.70,"15,949.04",410.00,"17,383.15",330.00,"13,948.24"
Oct-14,340.00,"14,601.85",290.00,"12,515.87",264.90,"11,299.05",367.70,"15,683.50",410.00,"17,383.15",330.00,"13,906.52"
Sep-14,370.00,"15,790.86",300.00,"12,842.67",274.50,"11,616.05",475.40,"20,118.08",510.00,"21,506.44",330.00,"13,906.52"
Aug-14,400.00,"16,889.47",310.00,"13,211.20",287.40,"12,168.21",459.80,"19,469.13",490.00,"20,859.78",330.00,"13,906.52"
Jul-14,450.00,"18,883.21",320.00,"13,263.62",291.40,"12,216.49",466.20,"19,546.39",500.00,"20,942.56",330.00,"13,961.71"
Jun-14,350.00,"14,752.76",320.00,"13,587.13",293.00,"12,514.46",468.80,"20,023.13",500.00,"21,453.35",330.00,"14,302.24"
May-14,270.00,"11,744.66",320.00,"13,698.49",295.10,"12,617.03",469.70,"20,081.20",500.00,"21,420.12",340.00,"14,419.47"
Apr-14,210.00,"9,028.49",330.00,"14,415.06",296.20,"12,993.91",443.20,"19,445.43",480.00,"21,081.02",350.00,"15,141.99"
Mar-14,210.00,"9,568.73",330.00,"14,721.13",295.00,"13,249.02",434.30,"19,505.49",480.00,"21,345.64",340.00,"15,457.18"
Feb-14,240.00,"10,924.62",320.00,"14,782.98",289.10,"13,304.68",425.70,"19,587.45",470.00,"21,435.32",340.00,"15,522.13"
Jan-14,280.00,"12,707.63",320.00,"14,845.36",290.00,"13,360.82",426.90,"19,670.10",470.00,"21,525.77",340.00,"15,587.63"
Dec-13,380.00,"17,186.92",320.00,"14,721.13",285.00,"12,989.26",428.00,"19,505.49",470.00,"21,345.64",340.00,"15,457.18"
Nov-13,730.00,"33,301.26",310.00,"14,160.27",275.90,"12,508.10",436.70,"19,801.87",480.00,"21,544.46",340.00,"15,202.75"
Oct-13,910.00,"40,877.10",310.00,"13,869.01",275.90,"12,409.12",486.90,"21,898.44",520.00,"23,358.34",340.00,"15,328.91"
Sep-13,800.00,"37,615.30",300.00,"14,043.83",270.80,"12,760.08",470.60,"22,174.47",500.00,"23,652.77",330.00,"15,522.13"
Aug-13,670.00,"31,546.39",310.00,"14,474.23",280.80,"13,175.26",474.60,"22,268.04",510.00,"23,752.57",330.00,"15,587.63"
Jul-13,380.00,"17,150.08",330.00,"14,971.70",301.10,"13,474.53",501.90,"22,457.55",540.00,"23,954.72",350.00,"15,720.29"
Jun-13,230.00,"10,136.20",320.00,"14,324.71",292.80,"13,022.46",470.30,"20,917.20",510.00,"22,564.66",350.00,"15,467.03"
May-13,240.00,"10,176.98",330.00,"13,888.22",299.10,"12,694.15",470.00,"19,950.51",470.00,"20,137.93",360.00,"15,431.36"
Apr-13,280.00,"11,932.81",330.00,"14,011.13",298.30,"12,627.30",439.10,"18,584.20",470.00,"19,849.10",370.00,"15,567.92"
Mar-13,360.00,"15,526.29",310.00,"13,052.45",277.80,"11,870.82",427.40,"18,259.29",460.00,"19,633.65",340.00,"14,623.14"
Feb-13,420.00,"17,994.07",280.00,"11,833.01",251.10,"10,649.71",432.40,"18,341.17",470.00,"19,824.24",320.00,"13,410.75"
Jan-13,330.00,"14,328.12",280.00,"11,940.10",248.50,"10,746.09",428.00,"18,507.16",460.00,"19,900.17",310.00,"13,532.11"
Dec-12,270.00,"12,049.14",270.00,"12,049.14",247.00,"10,844.23",425.50,"18,676.17",460.00,"20,081.91",310.00,"13,655.70"
Nov-12,250.00,"11,055.37",270.00,"12,104.42",246.50,"10,893.97",424.50,"18,761.84",460.00,"20,174.03",310.00,"13,718.34"
Oct-12,230.00,"10,068.64",280.00,"12,160.19",254.60,"10,944.18",438.50,"18,848.30",470.00,"20,266.99",320.00,"13,781.56"
Sep-12,210.00,"9,565.00",270.00,"12,273.31",245.70,"10,977.82",425.80,"19,023.64",460.00,"20,455.52",310.00,"13,909.76"
Aug-12,230.00,"10,431.74",270.00,"12,330.67",226.70,"10,352.66",418.50,"19,112.53",450.00,"20,551.11",290.00,"13,308.90"
Jul-12,220.00,"9,957.59",270.00,"12,446.99",225.20,"10,372.49",419.00,"19,292.84",450.00,"20,744.99",290.00,"13,276.79"
Jun-12,180.00,"8,550.61",270.00,"12,686.36",223.10,"10,571.97",415.00,"19,663.86",450.00,"21,143.93",290.00,"13,532.12"
May-12,170.00,"7,685.72",280.00,"12,809.53",229.50,"10,674.61",426.80,"19,854.77",460.00,"21,349.21",290.00,"13,663.50"
Apr-12,170.00,"7,723.21",280.00,"12,545.92",239.80,"10,660.69",447.70,"19,902.10",480.00,"21,453.35",310.00,"13,601.43"
Mar-12,180.00,"7,876.90",280.00,"12,252.96",244.40,"10,765.10",459.00,"20,217.38",500.00,"21,880.29",310.00,"13,487.01"
Feb-12,170.00,"7,443.34",280.00,"12,376.10",250.20,"10,873.29",469.90,"20,420.57",510.00,"22,100.19",310.00,"13,260.11"
Jan-12,210.00,"9,559.96",270.00,"12,438.61",239.60,"10,928.21",449.90,"20,523.71",490.00,"22,211.81",290.00,"13,327.08"
Dec-11,250.00,"11,796.30",270.00,"12,501.75",233.50,"10,983.68",438.60,"20,627.89",470.00,"22,324.56",270.00,"12,689.28"
Nov-11,310.00,"14,011.52",280.00,"12,376.10",241.90,"10,873.29",454.30,"20,420.57",490.00,"22,100.19",280.00,"12,376.10"
Oct-11,350.00,"15,397.22",280.00,"12,438.61",249.10,"10,900.84",468.30,"20,496.34",510.00,"22,211.81",290.00,"12,509.69"
Sep-11,360.00,"15,261.07",290.00,"12,501.75",254.30,"10,817.23",482.80,"20,538.59",520.00,"22,324.56",290.00,"12,501.75"
Aug-11,260.00,"10,473.44",290.00,"12,105.66",254.90,"10,464.37",464.90,"19,087.95",510.00,"20,901.54",310.00,"12,695.08"
Jul-11,230.00,"9,306.31",290.00,"11,849.36",252.30,"10,213.06",450.30,"18,229.79",500.00,"20,052.77",320.00,"12,760.85"
Jun-11,220.00,"9,307.81",290.00,"12,100.15",258.20,"10,780.11",445.90,"18,615.61",490.00,"20,477.17",310.00,"13,030.93"
May-11,220.00,"9,407.35",300.00,"12,681.11",295.40,"12,480.45",445.40,"18,814.71",490.00,"20,696.18",310.00,"13,170.29"
Apr-11,230.00,"9,457.93",330.00,"13,714.00",281.70,"11,822.41",450.80,"18,915.86",500.00,"20,807.45",340.00,"14,186.90"
Mar-11,270.00,"11,363.32",330.00,"14,263.58",307.40,"13,152.73",444.50,"19,018.11",490.00,"20,919.92",360.00,"15,214.49"
Feb-11,410.00,"17,867.51",330.00,"14,263.58",307.40,"13,282.63",440.20,"19,018.11",480.00,"20,919.92",350.00,"15,214.49"
Jan-11,880.00,"37,185.96",320.00,"13,596.18",294.60,"12,515.41",440.60,"18,714.63",480.00,"20,586.09",340.00,"14,531.91"
Dec-10,770.00,"33,196.11",310.00,"13,303.17",282.10,"12,115.39",442.90,"19,018.11",490.00,"20,919.92",330.00,"14,263.58"
Nov-10,500.00,"21,893.03",310.00,"13,532.11",280.70,"12,212.73",444.30,"19,331.59",490.00,"21,264.75",330.00,"14,498.69"
Oct-10,420.00,"18,174.90",320.00,"13,606.88",282.50,"12,192.73",442.90,"19,117.66",480.00,"20,653.30",340.00,"14,578.80"
Sep-10,330.00,"14,928.42",300.00,"13,758.91",271.40,"12,284.74",415.50,"18,808.53",460.00,"20,638.37",330.00,"14,741.69"
Aug-10,220.00,"10,110.32",290.00,"13,450.77",266.80,"12,278.45",386.70,"17,798.80",420.00,"19,538.70",310.00,"14,063.52"
Jul-10,210.00,"9,883.01",290.00,"13,342.06",268.50,"12,430.15",363.40,"16,819.10",380.00,"17,789.41",300.00,"13,836.21"
Jun-10,210.00,"10,110.20",280.00,"13,143.26",260.60,"12,267.01",343.60,"16,176.32",370.00,"17,187.34",300.00,"14,255.38"
May-10,220.00,"10,227.76",260.00,"12,273.31",243.90,"11,429.52",349.30,"16,364.42",370.00,"17,387.19",280.00,"13,296.09"
Apr-10,220.00,"10,348.09",280.00,"12,904.07",253.70,"11,682.47",359.60,"16,556.94",380.00,"17,591.75",320.00,"14,549.41"
Mar-10,240.00,"11,300.11",290.00,"13,711.22",273.20,"12,861.22",295.90,"13,932.98",320.00,"15,004.73",330.00,"15,604.92"
Feb-10,340.00,"16,194.76",280.00,"13,452.51",269.80,"12,935.11",269.80,"12,935.11",300.00,"14,487.32",350.00,"16,556.94"
Jan-10,360.00,"16,978.08",280.00,"13,296.09",272.00,"12,784.70",272.00,"12,784.70",300.00,"14,318.87",350.00,"16,364.42"
Dec-09,350.00,"17,154.56",270.00,"12,886.74",262.70,"12,751.42",261.40,"12,686.36",280.00,"13,781.94",,
Nov-09,310.00,"15,026.29",250.00,"12,272.34",239.80,"11,692.96",257.70,"12,565.54",260.00,"12,701.66",,
Oct-09,240.00,"11,727.83",250.00,"12,260.92",235.40,"11,727.83",247.50,"12,327.55",260.00,"12,794.00",,
Sep-09,220.00,"11,472.41",230.00,"12,012.03",216.80,"11,332.11",227.10,"11,871.73",250.00,"12,950.98",,
Aug-09,210.00,"11,054.57",230.00,"11,945.02",217.40,"11,402.06",227.70,"11,945.02",250.00,"13,030.93",,
Jul-09,180.00,"9,609.49",230.00,"12,094.33",216.60,"11,544.59",226.90,"12,094.33",250.00,"13,193.81",,
Jun-09,180.00,"9,830.68",230.00,"12,647.66",219.80,"12,072.77",230.30,"12,647.66",250.00,"13,797.45",,
May-09,190.00,"10,485.15",220.00,"12,582.18",208.60,"11,795.79",226.70,"12,815.18",250.00,"13,980.20",,
Apr-09,270.00,"15,902.94",220.00,"12,830.25",205.80,"12,079.67",219.70,"12,900.62",240.00,"14,073.40",,
Mar-09,300.00,"18,423.79",210.00,"13,074.95",205.00,"12,480.63",214.70,"13,074.95",230.00,"14,263.58",,
Feb-09,280.00,"16,640.84",220.00,"13,074.95",213.20,"12,480.63",223.30,"13,074.95",240.00,"14,263.58",,
Jan-09,280.00,"16,165.39",230.00,"13,074.95",215.00,"12,480.63",225.30,"13,074.95",250.00,"14,263.58",,
Dec-08,310.00,"18,297.81",230.00,"13,163.89",214.30,"12,475.78",226.10,"13,163.89",250.00,"14,360.61",,
Nov-08,260.00,"14,952.99",220.00,"13,074.95",211.20,"12,302.34",224.50,"13,074.95",240.00,"14,263.58",,
Oct-08,230.00,"13,074.95",230.00,"13,074.95",215.80,"12,480.63",226.10,"13,074.95",250.00,"14,263.58",,
Sep-08,240.00,"13,254.06",240.00,"13,254.06",230.40,"12,651.60",241.40,"13,254.06",270.00,"14,627.66",,
Aug-08,200.00,"10,251.74",260.00,"13,345.47",244.50,"12,738.85",256.20,"13,345.47",300.00,"15,771.91",,
Jul-08,140.00,"7,430.36",270.00,"14,011.89",239.30,"12,609.47",254.40,"13,409.10",300.00,"15,992.50",,
Jun-08,130.00,"6,735.13",260.00,"14,060.83",233.50,"12,565.54",252.20,"13,570.78",290.00,"15,556.13",,
May-08,140.00,"7,416.38",260.00,"14,048.09",232.60,"12,402.82",269.80,"14,385.62",290.00,"15,554.15",,
Apr-08,150.00,"7,814.31",300.00,"15,386.41",287.30,"14,659.79",304.80,"15,552.13",320.00,"16,571.94",,
Mar-08,140.00,"7,293.51",290.00,"15,241.90",285.00,"14,766.80",324.60,"16,821.31",330.00,"17,296.42",,
Feb-08,180.00,"9,121.65",290.00,"14,985.56",283.10,"14,659.79",339.80,"17,591.75",360.00,"18,894.84",,
Jan-08,250.00,"13,180.68",290.00,"14,952.99",278.70,"14,408.17",330.20,"17,066.62",360.00,"18,550.11",,
Dec-07,330.00,"16,856.57",290.00,"15,241.81",291.60,"15,097.40",304.30,"15,753.81",350.00,"18,103.75",,
Nov-07,470.00,"24,129.58",280.00,"14,716.68",278.90,"14,440.99",297.90,"15,425.60",310.00,"16,134.52",,
Oct-07,330.00,"17,066.62",280.00,"14,440.99",255.60,"13,259.45",286.00,"14,834.83",310.00,"16,082.01",,
Sep-07,250.00,"13,226.88",270.00,"14,549.57",235.50,"12,565.54",272.70,"14,549.57",310.00,"16,533.60",,
Aug-07,240.00,"13,226.88",270.00,"14,404.07",232.70,"12,565.54",267.00,"14,417.30",290.00,"15,845.80",,
Jul-07,250.00,"13,327.08",260.00,"13,993.44",235.10,"12,660.73",259.80,"13,993.44",260.00,"13,993.44",,
Jun-07,210.00,"11,475.23",260.00,"14,208.72",233.00,"12,855.51",257.50,"14,208.72",260.00,"14,208.72",,
May-07,240.00,"13,514.28",280.00,"15,464.38",242.10,"13,466.55",257.50,"14,318.87",250.00,"14,168.86",,
Apr-07,310.00,"17,866.62",300.00,"17,179.44",261.00,"15,117.91",237.30,"13,743.55",240.00,"13,743.56",,
Mar-07,300.00,"18,007.30",280.00,"17,314.72",249.90,"15,236.95",222.30,"13,557.42",230.00,"13,851.77",,
Feb-07,260.00,"15,695.14",270.00,"16,423.55",251.90,"15,289.70",211.50,"12,833.04",240.00,"14,471.96",,
Jan-07,180.00,"11,081.42",250.00,"15,236.95",236.80,"14,544.36",214.30,"13,159.18",250.00,"15,236.95",,
Dec-06,180.00,"11,081.42",250.00,"15,236.95",235.20,"14,544.36",212.80,"13,159.18",250.00,"15,236.95",,
Nov-06,180.00,"11,081.42",250.00,"15,430.87",234.10,"14,544.36",211.80,"13,159.18",230.00,"14,101.10",,
Oct-06,130.00,"8,311.06",230.00,"14,544.36",219.90,"13,851.77",208.90,"13,159.18",220.00,"13,851.77",,
Sep-06,120.00,"7,909.25",220.00,"14,214.13",206.00,"13,369.73",206.00,"13,369.73",220.00,"14,073.40",,
Aug-06,100.00,"6,823.90",210.00,"13,888.97",204.10,"13,477.55",204.10,"13,477.55",210.00,"14,186.89",,
Jul-06,70.00,"4,937.04",210.00,"13,818.03",203.40,"13,406.61",209.90,"13,832.22",200.00,"13,449.18",,
Jun-06,90.00,"6,107.06",210.00,"13,587.12",195.40,"12,872.01",232.10,"15,285.51",180.00,"11,956.67",,
May-06,110.00,"7,269.32",190.00,"12,866.69",181.70,"11,994.38",231.20,"15,265.57",180.00,"11,630.91",,
Apr-06,110.00,"7,329.90",230.00,"15,304.82",200.20,"13,193.81",233.60,"15,392.78",200.00,"13,281.77",,
Mar-06,120.00,"8,204.56",230.00,"15,448.22",219.20,"14,413.41",236.10,"15,522.13",210.00,"13,703.82",,
Feb-06,170.00,"11,397.68",210.00,"13,881.22",203.00,"13,304.68",236.90,"15,522.13",180.00,"11,826.39",,
Jan-06,250.00,"16,261.28",200.00,"13,304.68",191.50,"12,565.53",236.50,"15,522.13",180.00,"11,826.39",,
Dec-05,370.00,"24,693.71",200.00,"13,323.94",186.20,"12,583.72",230.10,"15,544.60",220.00,"14,537.90",,
Nov-05,370.00,"25,104.54",170.00,"11,779.25",169.50,"11,411.15",205.00,"13,803.81",220.00,"14,724.07",,
Oct-05,280.00,"18,929.62",180.00,"11,886.73",167.30,"11,143.81",200.80,"13,372.57",220.00,"14,858.41",,
Sep-05,160.00,"10,440.91",180.00,"12,018.32",170.80,"11,267.17",204.90,"13,520.61",230.00,"15,022.90",,
Aug-05,140.00,"9,047.12",190.00,"12,786.60",181.10,"11,912.04",220.10,"14,475.39",230.00,"15,078.54",,
Jul-05,140.00,"9,080.75",200.00,"12,864.40",172.70,"11,381.21",206.70,"13,621.13",230.00,"15,134.59",,
Jun-05,180.00,"12,175.14",170.00,"11,621.02",165.20,"11,082.30",208.80,"14,006.79",210.00,"13,929.83",,
May-05,180.00,"12,205.89",170.00,"11,587.87",165.60,"11,124.35",229.90,"15,450.49",210.00,"13,905.44",,
Apr-05,160.00,"10,774.46",170.00,"11,544.06",161.20,"10,851.42",228.60,"15,392.08",210.00,"13,852.87",,
Mar-05,160.00,"10,856.55",170.00,"11,632.01",160.20,"10,856.55",223.20,"15,121.62",210.00,"13,958.42",,
Feb-05,170.00,"11,632.01",170.00,"11,632.01",154.50,"10,468.81",217.50,"14,733.88",210.00,"13,958.42",,
Jan-05,180.00,"12,383.89",140.00,"9,411.76",137.10,"9,287.92",217.10,"14,705.87",240.00,"16,130.02",,
Dec-04,180.00,"12,502.74",140.00,"9,377.06",136.40,"9,377.06",216.00,"14,847.00",240.00,"16,409.85",,
Nov-04,180.00,"12,407.48",130.00,"9,305.61",133.00,"9,305.61",210.50,"14,733.88",230.00,"16,284.82",,
Oct-04,170.00,"12,383.89",130.00,"9,287.92",131.10,"9,287.92",207.50,"14,705.87",200.00,"14,520.11",,
Sep-04,170.00,"12,454.93",130.00,"9,341.20",130.20,"9,341.20",162.70,"11,676.50",170.00,"12,454.93",,
Aug-04,160.00,"11,776.86",130.00,"9,359.09",129.50,"9,359.09",161.80,"11,698.86",170.00,"12,478.79",,
Jul-04,130.00,"9,449.60",130.00,"9,449.60",130.30,"9,449.60",162.90,"11,812.01",170.00,"12,599.47",,
Jun-04,130.00,"9,541.89",140.00,"10,305.24",131.80,"9,541.89",164.80,"11,927.36",180.00,"12,722.52",,
May-04,160.00,"11,748.79",170.00,"12,021.27",143.60,"10,418.44",160.20,"11,620.56",180.00,"12,822.69",,
Apr-04,310.00,"21,648.47",180.00,"12,924.46",159.30,"11,308.90",159.30,"11,308.90",180.00,"12,924.46",,
Mar-04,310.00,"22,617.81",180.00,"12,924.46",155.50,"11,308.90",155.50,"11,308.90",180.00,"12,924.46",,
Feb-04,310.00,"22,617.81",180.00,"12,924.46",154.60,"11,308.90",154.60,"11,308.90",180.00,"12,924.46",,
Jan-04,240.00,"17,690.35",180.00,"13,005.24",154.00,"11,308.90",154.00,"11,308.90",180.00,"12,924.46",,
Dec-03,230.00,"17,371.56",180.00,"12,975.95",153.50,"11,353.96",153.50,"11,353.96",180.00,"12,975.95",,
Nov-03,330.00,"24,233.36",180.00,"12,924.46",153.80,"11,308.90",153.80,"11,308.90",180.00,"12,924.46",,
Oct-03,260.00,"19,198.60",180.00,"12,950.16",154.20,"11,331.39",162.50,"11,938.42",180.00,"12,950.16",,
Sep-03,200.00,"14,685.71",160.00,"12,319.68",150.00,"11,218.25",169.00,"12,646.03",170.00,"13,053.96",,
Aug-03,130.00,"9,529.39",150.00,"11,422.22",141.50,"10,606.34",163.30,"12,238.09",170.00,"13,053.96",,
Jul-03,90.00,"6,500.93",150.00,"11,376.62",140.60,"10,564.00",162.20,"12,189.24",170.00,"13,001.85",,
Jun-03,90.00,"6,553.25",150.00,"11,468.18",139.10,"10,649.03",160.50,"12,287.34",170.00,"13,106.50",,
May-03,80.00,"6,593.04",140.00,"11,142.25",138.10,"10,713.70",161.90,"12,567.99",170.00,"13,548.71",,
Apr-03,80.00,"6,606.42",170.00,"13,212.84",145.60,"11,396.07",153.00,"11,974.13",170.00,"13,212.84",,
Mar-03,80.00,"6,687.81",160.00,"12,589.80",144.30,"11,494.67",146.90,"11,703.67",170.00,"13,375.62",,
Feb-03,80.00,"6,729.27",150.00,"11,776.21",136.20,"10,935.05",146.60,"11,776.21",170.00,"13,458.53",,
Jan-03,110.00,"8,496.43",160.00,"12,677.21",135.60,"10,957.69",146.00,"11,800.59",170.00,"13,486.39",,
Dec-02,130.00,"10,682.71",170.00,"13,509.00",155.80,"12,617.37",145.40,"11,776.21",170.00,"13,542.65",,
Nov-02,160.00,"13,104.45",150.00,"12,305.20",140.80,"11,343.59",152.50,"12,280.22",180.00,"14,369.94",,
Oct-02,170.00,"13,375.62",140.00,"11,703.67",134.40,"10,867.69",155.10,"12,539.65",180.00,"14,211.60",,
Sep-02,150.00,"12,473.84",150.00,"12,070.91",134.20,"10,912.51",154.80,"12,591.36",180.00,"14,270.20",,
Aug-02,120.00,"10,178.01",150.00,"12,280.91",131.20,"10,724.77",151.80,"12,407.08",180.00,"14,720.27",,
Jul-02,140.00,"11,849.66",160.00,"13,542.47",123.00,"10,156.85",143.50,"11,849.66",180.00,"15,235.28",,
Jun-02,110.00,"9,237.19",150.00,"12,230.72",122.50,"10,263.54",139.60,"11,688.98",170.00,"13,941.31",,
May-02,100.00,"8,625.43",150.00,"12,748.39",126.50,"10,695.54",137.80,"11,644.34",160.00,"13,800.69",,
Apr-02,100.00,"8,680.61",160.00,"13,888.97",143.10,"12,152.85",143.10,"12,152.85",170.00,"14,513.98",,
Mar-02,100.00,"8,699.16",160.00,"13,918.65",143.60,"12,178.82",143.60,"12,178.82",170.00,"14,788.57",,
Feb-02,120.00,"9,784.87",160.00,"13,716.29",142.50,"12,121.88",148.90,"12,667.91",170.00,"14,852.03",,
Jan-02,170.00,"14,332.04",160.00,"13,512.57",139.60,"11,769.01",155.20,"13,076.68",180.00,"14,785.36",,
Dec-01,200.00,"16,805.66",170.00,"13,750.08",144.80,"12,044.34",156.50,"13,020.91",180.00,"14,670.23",,
Nov-01,210.00,"17,250.87",160.00,"13,110.66",145.80,"12,075.61",156.30,"12,938.15",170.00,"14,111.21",,
Oct-01,210.00,"17,586.20",150.00,"12,486.20",137.40,"11,606.89",154.10,"13,013.79",170.00,"14,737.23",,
Sep-01,210.00,"17,510.56",150.00,"12,397.48",133.30,"11,119.20",153.90,"12,841.02",180.00,"14,761.40",,
Aug-01,170.00,"13,821.13",130.00,"11,042.92",121.00,"9,959.60",149.60,"12,318.45",170.00,"14,100.70",,
Jul-01,130.00,"10,551.72",130.00,"10,551.72",137.90,"11,431.03",155.60,"12,896.49",170.00,"14,068.96",,
Jun-01,100.00,"8,195.86",140.00,"11,973.08",135.60,"11,358.39",159.60,"13,362.82",170.00,"14,592.20",,
May-01,140.00,"11,644.91",150.00,"12,637.89",135.00,"11,434.22",191.80,"16,248.71",170.00,"14,353.03",,
Apr-01,150.00,"12,722.52",150.00,"12,722.52",133.60,"11,359.39",149.60,"12,722.52",170.00,"14,540.02",,
Mar-01,150.00,"12,808.28",150.00,"12,808.28",134.10,"11,435.97",193.00,"16,467.79",170.00,"14,638.04",,
Feb-01,130.00,"11,028.09",150.00,"12,866.11",134.40,"11,487.60",193.50,"16,542.14",170.00,"14,704.13",,
Jan-01,140.00,"12,295.95",150.00,"12,808.28",134.30,"11,435.97",153.10,"13,037.00",180.00,"15,296.75",,
Dec-00,130.00,"11,264.28",150.00,"13,089.93",139.00,"11,866.74",160.40,"13,692.39",190.00,"15,828.41",,
Nov-00,100.00,"8,142.41",160.00,"13,570.68",149.60,"12,665.97",174.20,"14,746.81",190.00,"16,284.82",,
Oct-00,110.00,"9,067.27",160.00,"13,600.91",,,,,190.00,"16,321.09",,
Sep-00,110.00,"9,169.38",160.00,"13,167.23",,,,,200.00,"16,504.88",,
Aug-00,110.00,"9,190.08",150.00,"12,866.11",153.20,"12,866.11",178.40,"14,979.83",200.00,"16,542.14",,
Jul-00,110.00,"9,148.77",160.00,"12,899.77",153.30,"12,564.38",180.30,"14,775.27",200.00,"16,467.79",,
Jun-00,100.00,"8,492.42",190.00,"15,271.62",152.20,"12,526.78",179.00,"14,737.39",200.00,"16,579.57",,
May-00,150.00,"12,176.60",190.00,"15,729.66",154.60,"12,583.72",181.90,"14,804.38",200.00,"16,562.40",,
Apr-00,160.00,"13,012.98",190.00,"15,801.48",155.80,"12,641.18",183.30,"14,871.98",210.00,"16,730.98",,
Mar-00,160.00,"13,132.92",200.00,"15,947.12",180.70,"14,774.53",189.30,"15,478.08",210.00,"16,885.18",,
Feb-00,,,180.00,"15,148.67",,,185.70,"15,338.03",210.00,"17,042.25",,
Jan-00,,,180.00,"15,113.52",183.70,"15,113.52",183.70,"15,113.52",210.00,"17,002.71",,