,Commodity,PALLFNF,PEXGALL,PFANDB,PFOOD,PBEVE,PAGRI,PRAWM,PFERT,POILAPSP,PCOFFOTM,PMAIZMT,PSUGAISA
147,1992-01-01,50.25401941707973,52.72481365731072,64.46257784108562,65.81589960072183,48.467676721719144,64.81535407916334,67.20179131059848,53.41503614590807,40.2253708348405,72.9904479980469,109.586357116699,8.42409133911133
148,1992-02-01,50.247364224855644,52.72575172770635,64.6728773545005,66.41170930398593,44.12163379606496,65.12750363743585,68.20292927805635,53.13317125212298,41.089686061372845,67.8821105957031,113.921257019043,7.84299993515015
149,1992-03-01,50.27346432634998,52.841774168692176,65.51117162594721,67.33067111534696,44.00651893528947,65.90550636841535,68.57307580620433,52.63223055715362,41.165326076182886,70.1433410644531,116.684593200684,8.25045394897461
150,1992-04-01,50.68924345935196,53.35435922879445,62.783126334844944,64.45929156725806,42.972540299950616,64.03568062603944,72.5088765850084,54.1129156211222,44.08757327692846,65.4299926757813,109.055137634277,9.45571517944336
151,1992-05-01,52.13493858650367,54.9780398871216,64.73202115808262,66.74854068717082,40.89878989332618,65.70329860036715,72.27373164016336,56.53576030672744,45.566175720038835,60.2569999694824,109.177909851074,9.61333465576172
152,1992-06-01,52.346674124955584,55.178177336310895,61.867213980121456,63.74507964542458,39.67273183416766,63.27549850424075,72.80216798494358,55.88829387310404,47.91826926418181,58.3754539489746,110.201927185059,10.347728729248
153,1992-07-01,51.987545489189436,54.676625437459435,60.72640719103873,62.34868655727823,41.5526978597378,62.372922871687614,73.51116263481097,53.40213988763934,45.305161909079025,57.6822738647461,102.394058227539,10.3121757507324
154,1992-08-01,51.997661387130385,54.77272527350924,61.86706555351727,63.561043026276074,41.84595676524608,63.13154635885876,71.68542200747092,52.01073779817018,43.65315272882265,52.4247627258301,97.5399322509766,9.86476135253906
155,1992-09-01,52.426451702258454,55.23086997357889,61.683755596256596,63.33749203961901,42.138255274008706,62.94632078991009,71.48723783598656,51.4912583833245,44.889476940670164,52.726188659668,98.2166748046875,9.31227493286133
156,1992-10-01,51.91813694379597,54.666083400452834,60.90196798586617,62.352721804984434,43.75551798599504,62.310221867195025,71.83668405758714,51.2771093016264,45.25590929735356,61.3954544067383,94.5597686767578,8.7054557800293
157,1992-11-01,49.86105476040088,52.46547407638261,58.53182510688587,59.574793975148225,46.20498280227522,60.2809056157838,72.1129691072368,51.25825960234787,44.149055058385635,67.1327819824219,95.1726608276367,8.55952453613281
158,1992-12-01,49.891887523754015,52.502000844446044,60.83584879854358,61.765821784705786,49.84450409324239,62.328777432210174,72.42804175531523,51.3508501633659,41.83187672547867,77.4645462036133,94.0434188842773,8.14863681793213
159,1993-01-01,49.2280368974179,51.81539857253165,60.61308548896066,61.76808690268177,46.9621312545709,62.17298079230854,72.72525678837506,51.21648704530186,40.548578027764655,68.6589965820313,94.09521484375,8.23799991607666
160,1993-02-01,49.745878457301615,52.38938200463245,60.56198619119556,61.862929354087385,45.18614736779266,62.682126940689166,77.02431406770192,51.79537601237519,43.042943855779754,67.4615783691406,94.2540740966797,8.55949974060059
161,1993-03-01,51.129663214359994,53.92249250239381,63.12548053870238,64.80634215615066,43.259387959469365,65.13539191674936,78.73190672339473,52.7745051044717,43.420079157434884,62.7691307067871,97.5351867675781,10.6247825622559
162,1993-04-01,51.394998175181264,54.109456209032665,62.847388605586666,64.64769773810102,41.56954661877058,65.54641719856966,83.80462630613304,53.562210088428536,42.287261194101646,56.8804779052734,100.487373352051,11.1538095474243
163,1993-05-01,51.49841156786616,54.00153353138907,63.59189570792452,65.36376757135872,42.65015362034,66.83947224483998,88.80846199840394,54.18802253800671,41.5645737206248,61.476001739502,99.2226715087891,11.8280000686646
164,1993-06-01,50.08377700483066,52.380261483203256,61.302246174114,62.91282294795323,42.2668497066609,64.64471580871636,87.25563207796668,53.122918868303984,39.90802304371008,61.9854545593262,92.7262115478516,10.3986368179321
165,1993-07-01,50.0147502756619,52.11682950145803,62.558127229311886,63.95151784182684,46.08965259706975,65.88788575368612,88.41281474990882,50.60131043162007,38.13833496793989,71.5566635131836,101.888687133789,9.67500019073486
166,1993-08-01,49.84594786128089,52.053086064114964,62.4782572563867,63.50313692020288,50.36521114206454,65.36034401377778,84.85689281633337,48.633029733401855,37.97321759466737,76.5577239990234,100.312896728516,9.34227275848389
167,1993-09-01,48.92574009417367,51.24899294473089,62.8475578850647,63.555752855666675,54.47740611047421,65.56551620914554,83.95177990258225,47.812745015139946,36.106066016404064,79.8178253173828,101.031677246094,9.53590869903564
168,1993-10-01,48.96607569465254,51.22157311995845,62.75249629849237,63.55981981798547,53.21074484604975,65.52413263090187,84.27351374483948,47.869061392111185,37.8319287435341,75.0514297485352,105.767631530762,10.2947616577148
169,1993-11-01,48.257469943284036,50.325978542175406,62.46744460497294,63.16127638046251,54.267051340466814,65.09499516461341,82.86967442638044,49.419515470221405,35.18200713318699,77.0684967041016,115.92845916748,10.0740909576416
170,1993-12-01,48.51840143325819,50.53364828427037,67.22082993289905,68.2158354105237,55.460866631849434,69.2419851195077,82.91456129446104,51.060213218527224,31.29021972641213,80.0042877197266,121.229499816895,10.522608757019
171,1994-01-01,49.30916348092106,51.37965414677352,66.64261883567329,67.82847892034081,52.62694616906408,68.99864401685666,84.93652645817939,52.393521993074074,33.44073564689065,77.2095260620117,126.716453552246,10.2990474700928
172,1994-02-01,50.12851797894595,52.33495344561664,67.55509373904677,68.70348099793233,53.98231215785658,70.30607366684755,88.91571970879048,53.128212129416546,32.12381103920696,82.1647338867188,123.64900970459,10.8225002288818
173,1994-03-01,49.67336212625485,51.81405477259778,68.24243074457047,69.1739572566074,57.23272492700943,70.93629616233711,89.15957776561109,54.91335882727899,31.63734082800305,85.5691299438477,120.107292175293,11.7291307449341
174,1994-04-01,50.35782548597415,52.63536949718001,67.05497829245294,67.70107822760069,59.41872734005921,70.63301750381822,94.83749917771075,55.874122643653,34.96757947962261,89.2284240722656,113.416732788086,11.013500213623
175,1994-05-01,51.76160449998918,54.159271452702306,67.83660867076426,67.24642933809864,74.81193438430198,71.36136881326675,95.20543178582285,54.41772401805635,37.63866958495971,121.984283447266,110.601257324219,11.5799999237061
176,1994-06-01,52.656954984399825,55.118275127463896,67.12666514633771,65.54991350563552,85.76228258413741,71.14815443513113,98.3524576979827,52.4841131984507,39.135610336046405,142.560455322266,112.083099365234,12.0481815338135
177,1994-07-01,53.93707490562695,56.54632586879754,69.20758261888692,65.08176906180742,117.97054635056253,72.76878152968469,96.85934305838299,52.12658111030883,40.1447963887401,217.667007446289,98.7315521240234,11.7742853164673
178,1994-08-01,52.87273759406412,55.40361712064614,69.17865942969452,65.42450173262132,113.54902495705855,72.79628320987979,97.26854394207025,52.92215628827742,37.84049940735823,198.073043823242,96.1568756103516,12.0947828292847
179,1994-09-01,52.934227017736724,55.37086455183073,70.35514138489717,65.76718080084818,124.5802178376253,73.56054410140337,95.24423919973513,57.96970149018052,35.72173382671584,220.102386474609,97.6050567626953,12.594090461731
180,1994-10-01,53.4799475031785,55.99947127614144,70.00191625510418,66.15958147455802,115.41444616141325,73.0770801064822,93.87974399246421,64.10277235356217,36.15954668334029,198.675720214844,96.1100006103516,12.7580947875977
181,1994-11-01,53.58179788152543,56.159544741057935,66.81500818298751,63.45001524071465,106.5858379917746,70.39021117175852,94.57550655568889,65.57687026176608,37.90716266480113,181.64436340332,95.605712890625,13.9259090423584
182,1994-12-01,54.61005256779933,57.34981263379209,70.66555861393644,68.60801425599213,94.98366206545894,74.25045263700741,98.50130528519816,67.33180150877244,36.02720682855549,167.473327636719,102.555236816406,14.6747617721558
183,1995-01-01,55.24971902975189,58.06954802103156,69.0835348666656,66.71733082917507,97.04968507331,73.23252123663514,101.29930827411933,72.12198453098887,37.33654680730647,172.333679199219,106.898773193359,14.7950000762939
184,1995-02-01,55.62755194842739,58.50865574103872,69.86072838375597,67.49890134518516,97.7751468684931,74.26141381941264,104.03087795540624,74.67042668420564,38.272142051795036,168.711059570313,106.977661132813,14.4075002670288
185,1995-03-01,56.22739652255663,59.129629059761314,71.3680732920172,68.65973808129144,103.37786962108939,76.12504700262835,108.30470636352796,75.97007375673411,36.642290087618186,178.216949462891,109.627067565918,14.5934782028198
186,1995-04-01,56.7534363655856,59.630151071315524,68.86123120737288,66.09577249704807,101.5461698085421,74.08409644592484,109.41538782758202,75.17657242983837,38.60432960492157,172.807373046875,109.640487670898,13.6052627563477
187,1995-05-01,55.98441948796996,58.82692726706475,67.93457710222502,65.28002478484262,99.30871376291819,73.27513060496868,109.4025517285279,71.98812385687013,38.35031584106256,168.83317565918,111.927581787109,13.5222730636597
188,1995-06-01,55.3221922570375,58.06919724915586,68.20586188504615,66.25776481082444,91.23040859851875,72.95555763645774,105.08598354303679,66.57991851016773,35.94516883064586,152.245910644531,120.007438659668,14.0204544067383
189,1995-07-01,54.81174740293215,57.51233361408246,70.45001247047924,69.1421203753621,85.90798067888478,74.14093585882502,99.10904890498348,62.60124808495805,33.42967714703577,143.833160400391,127.309562683105,13.5923805236816
190,1995-08-01,55.03555644682825,57.78450675330047,70.66165880859833,68.89300543779908,91.56536155255836,73.75492631431013,94.68005659701599,65.00096616382525,35.38986939922128,151.412170410156,126.297080993652,12.9808692932129
191,1995-09-01,55.088733706412384,57.848051172961576,70.35785305296297,69.28269825590287,83.065100641749,73.58487444528296,95.41481412385465,71.42615660146335,36.63164769164704,131.869995117188,130.51301574707,11.6899995803833
192,1995-10-01,55.00779327175085,57.75929939548453,71.40647944498004,70.55360814190098,81.48655985687115,74.28821369225459,93.78237785782007,76.51455547605646,35.00663455320434,125.380462646484,140.816360473633,11.837272644043
193,1995-11-01,55.87756374377425,58.70383911383375,70.90840571611096,70.06359541917537,80.89321314855752,74.42319927002083,98.19984092696474,79.32792787729814,36.468002702290654,123.231002807617,143.21223449707,11.9840908050537
194,1995-12-01,58.58591545784924,61.701538009159506,75.09310695018262,75.4582720832194,70.77722260592022,77.90753092629349,96.94635904644318,80.06116648982726,39.14415182839999,103.99210357666,148.188522338867,12.3100004196167
195,1996-01-01,58.09280835405312,61.039247601746965,73.67310018183015,73.94770706924878,70.42752315649743,76.46432552891555,95.34622110642496,77.63328527710405,39.28248952289928,109.379997253418,156.67073059082,12.5336360931396
196,1996-02-01,59.911936172620855,63.02417577623398,76.03298449966806,76.01464966602845,76.24968377980412,78.44892723773667,94.79213598262972,75.96185459125444,39.07655232594505,123.790000915527,164.71223449707,12.8185710906982
197,1996-03-01,59.86999628964592,63.05142192055068,75.680187911239,75.99117389865897,72.00464653841152,78.29755461665341,96.00334281870218,73.64853963211229,43.11930834692972,119.046188354492,170.961151123047,12.8990478515625
198,1996-04-01,60.796515015349684,64.11158890673043,78.8895781593537,79.33438667317107,73.63238921304342,80.7567883248296,93.38796746004148,70.58886014269662,46.37193321347516,122.008087158203,189.03303527832,11.9838094711304
199,1996-05-01,60.07382217289137,63.318031637739644,80.27320020892329,80.64592657646574,75.8679496829694,82.29604485888026,95.9800498031225,63.721386943773545,42.8689667950274,128.559539794922,203.998931884766,11.3777275085449
200,1996-06-01,58.419281234336374,61.536761813592776,77.18175113143141,77.4672361096786,73.80760602099166,79.67097676843065,96.50992479380507,61.711668333636766,41.70046294258407,127.907997131348,196.639312744141,12.173999786377
201,1996-07-01,59.1071776894076,62.31776079393825,77.89687203164232,78.66919026512109,68.76884782807296,79.9650173500461,93.95546924315144,66.67032513481306,43.7221230705411,120.471908569336,197.619995117188,12.8069562911987
202,1996-08-01,58.89430959320206,62.04560249106472,76.9068706200134,77.47472808649574,70.19536689844398,79.11046382418279,94.01718456598282,68.95451881039928,44.888643527902,122.485000610352,186.820068359375,12.3663635253906
203,1996-09-01,58.38309321815263,61.51739143544536,71.02084818228161,71.34053189079683,67.24250850011487,74.21576261895389,95.82850729946328,67.19231181067201,49.555461630516476,114.045997619629,145.239181518555,11.915714263916
204,1996-10-01,59.156332243766094,62.395256025974476,68.6619256551361,68.74395629319443,67.6924060747711,71.94108006334164,94.12368570029578,67.06006544786395,52.75884123153162,120.619132995605,128.608795166016,11.1239128112793
205,1996-11-01,59.82880102481433,63.166965743811446,68.43487597331013,68.57734336382025,66.75105480682275,71.86670379199512,95.08210436152085,71.07842596934208,49.656512692113665,119.610557556152,117.136840820313,10.7247619628906
206,1996-12-01,62.54311965947121,66.27480344915875,72.71700126917356,73.47932712020545,63.70707696908007,75.11692274407619,91.35175191351301,70.93401833491141,52.98666306233215,115.005256652832,116.835014343262,10.7379999160767
207,1997-01-01,61.61889081015628,65.37087568281179,72.62883819547444,73.03771245752995,67.79635593819559,75.3078531297975,93.43067517041005,69.02797585672474,53.33597821250348,131.830001831055,118.695167541504,10.6919050216675
208,1997-02-01,58.680507827360586,62.17698355857955,73.8869495232162,73.60139895320397,77.2618698623026,76.42766118253485,93.61489842724856,66.96673357411095,48.07270372819186,167.199996948242,121.746200561523,10.8129997253418
209,1997-03-01,57.85894365023859,61.216328690259985,74.87282750004697,73.93147602404319,85.998654503152,77.26633615084874,93.45778427433893,64.32593423822071,45.68528041348451,193.816497802734,127.860580444336,11.1409997940063
210,1997-04-01,56.00153535850667,59.21423938571915,73.7282468380377,72.48415022336938,88.43221667585922,75.77215892320477,89.59867945191547,65.04850455953571,42.51599895700988,204.428207397461,124.712875366211,11.2990913391113
211,1997-05-01,57.38913043180551,60.766793744244026,73.42323162687516,70.64882411401678,106.21393606727844,75.7278971248312,91.31834499710136,64.38165292443497,45.59279901754551,264.495697021484,118.610809326172,11.1281814575195
212,1997-06-01,55.020962630027256,58.15995379167585,69.79461365584974,67.64642664055539,95.18402208801488,72.33622281651168,89.52953141861757,59.83103412527488,42.04462742870535,212.551406860352,112.58137512207,11.4290475845337
213,1997-07-01,54.45357351704388,57.67688867768303,68.67131271831968,67.07939820554155,87.48614004306124,71.26648867265187,88.82216235773474,56.013025330238726,43.433738013313565,186.519500732422,106.420722961426,11.5721740722656
214,1997-08-01,54.72249853421552,57.976587440500154,68.11705334983988,66.6465001497254,85.49751210557689,70.32405386230124,85.25382413660707,54.99160694782033,45.009410692843396,185.171005249023,111.951019287109,11.7014284133911
215,1997-09-01,54.812083801260925,58.07244502957202,68.17159049625721,66.63948276621919,86.27956184282199,70.09555861482305,83.11069017600326,52.823729608958395,44.67422321423925,184.380004882813,112.236907958984,11.3313636779785
216,1997-10-01,55.48311043927473,58.8247580508249,67.75940154581568,66.58767471635201,81.6080333606312,69.34418264588055,80.06480442436973,52.72557729440717,47.627141792590315,161.446517944336,120.244216918945,11.3822727203369
217,1997-11-01,54.34884187400054,57.73016169686759,68.16950167429067,67.1169354523228,80.60977504023934,69.72346338024906,80.23560017135163,52.060872001793975,45.229030525878784,154.14778137207,117.404762268066,12.0120000839233
218,1997-12-01,53.08117944634807,56.47973086429815,72.82054763571551,71.6148077748403,87.07117924867495,73.07632492926693,74.80659015238093,50.647145517792744,41.27528611653943,174.254211425781,113.604362487793,12.3266668319702
219,1998-01-01,50.16678178271624,53.218588521917106,70.10803275175168,68.53123863507012,88.74415221287623,70.34830534955007,71.97368543808462,49.86731080044674,36.3340014812511,175.035263061523,114.367256164551,11.518500328064
220,1998-02-01,49.584118551256566,52.49791400562335,69.62181940178591,67.98653208220539,88.94926964944544,70.34008827151635,75.19898574784777,51.1656531030705,34.03072675842137,175.873687744141,113.61873626709,10.7194995880127
221,1998-03-01,48.88751751126174,51.73610622551826,69.76011994120432,68.63575604412668,83.04896956464994,70.32831425957895,74.17199739268253,54.731605712997656,31.902448223081365,154.820907592773,113.840438842773,9.84227275848389
222,1998-04-01,49.93166226729312,52.78663129032373,71.67375444403599,70.74470062694333,82.6542354960527,71.93833766640466,73.7281726510799,58.5109507492104,32.28846513535923,147.082855224609,106.687858581543,9.67681789398193
223,1998-05-01,49.74143219407478,52.6592162962141,71.81255226477224,71.11617140703157,80.04307311590782,71.95982788874723,72.95610823419196,60.27083324579389,33.69044414960246,134.346496582031,105.966926574707,9.22550010681152
224,1998-06-01,47.56337499209154,50.29311954450655,69.5407290013141,69.06142734999733,75.20559211651415,69.84599796027832,71.91106110977861,58.73549916621119,30.35542654716618,121.556816101074,101.751693725586,8.09863662719727
225,1998-07-01,46.64416755038595,49.26798577623285,66.6571888735911,66.22129478080487,71.80901833542268,67.046594710407,69.68082141507212,56.473292166240924,30.999288290683353,113.860000610352,100.904479980469,8.6247615814209
226,1998-08-01,45.22239812892486,47.76369124551768,64.63219737932842,63.87350769765443,73.59914581731189,65.28976202135851,69.73801157571246,54.282569541662426,30.542438175979896,119.891906738281,88.3582077026367,8.48238086700439
227,1998-09-01,46.05752018756775,48.64914028000461,63.62809192590425,62.983520370818745,71.246278964233,64.56296375963257,70.88712256008372,52.44178727407248,32.801803320957504,108.072380065918,85.7144470214844,7.22909069061279
228,1998-10-01,45.78721755033947,48.28723889116706,65.18676341298462,64.77817693327061,70.01584437263169,65.69191423426612,69.109124911394,50.7902091894202,30.60487808287141,107.067726135254,95.494758605957,7.46272706985474
229,1998-11-01,45.16608953794051,47.61395210108868,66.06637453468608,65.64539968222135,71.04187359170479,66.35843328513333,68.33413289469773,48.50155508097464,27.707406130233178,115.144737243652,97.3845291137695,8.06142902374268
230,1998-12-01,42.924983750092984,45.13777572600414,64.3311587572009,63.74098135894438,71.30646160796974,64.84766673345453,68.34170553714878,46.84754289004993,24.093370976082753,116.031761169434,95.3247604370117,8.07681846618652
231,1999-01-01,43.770700544053,46.12214424157186,65.04857581735067,64.63032657121805,69.99186095076863,65.6594070520787,69.79151756105621,46.833878973834175,26.14020364325327,111.476844787598,97.4518737792969,8.10900020599365
232,1999-02-01,42.01254254568908,44.158576587677416,60.27184833767007,59.730250661013706,66.67298777322145,61.481148532307174,69.66174205580816,49.28486103869788,25.242364729720624,103.241578947368,94.5640047227443,6.8155
233,1999-03-01,42.982701293428725,45.251552169456026,58.43117520066244,57.93705228862605,64.2712107003947,59.99560167060903,70.57852980110478,50.38858552485167,30.593839079722443,103.228695652174,96.4264500776398,6.02521739130435
234,1999-04-01,45.675819154705465,48.28193361097556,59.328328494869986,59.170833708037776,61.18975836124127,60.62650534545221,69.40832575971176,50.296794158078264,37.660441545449466,99.6942857142857,94.0384785289116,5.42190476190476
235,1999-05-01,46.513152685500174,49.265719129504646,59.837475113607326,59.72811842611494,61.1299610953979,61.33054875258005,71.43079399793535,48.95945140811748,38.76682697417038,108.908,92.7170656696428,5.7485
236,1999-06-01,45.981520588685875,48.815284819913664,58.132807630305265,57.97011527005237,60.05566758330042,59.80576142283442,71.1228479667491,46.79462516550114,39.307789969652184,104.205,92.9470118303571,6.03863636363636
237,1999-07-01,47.50403201317581,50.551911415983824,56.24376667093877,56.29503328733967,55.63784686345916,58.024872196329035,70.0735763892961,45.70454525866174,45.40516364699,90.8495238095238,83.5984030357143,5.37818181818182
238,1999-08-01,49.75448171821935,53.05503358277912,57.690725269644766,57.952559231891115,54.596111364265575,59.27116764303744,69.96243909191281,45.57200369563941,48.04610833319979,87.64,86.3819147321428,5.72347826086956
239,1999-09-01,51.77346376741002,55.23531094282226,58.306329253280964,58.69453067509781,53.71817916100221,60.074194380896,72.03333081164061,45.949679219047006,52.72641135214627,81.0590476190476,87.1209208758503,6.67454545454545
240,1999-10-01,52.53190859955583,55.6584195856987,58.2018536397041,58.351762532984615,56.43008140012956,60.124094213380175,73.12753939379284,46.796642096447904,51.79796764714967,92.1990476190476,85.6504712053571,6.75428571428571
241,1999-11-01,53.28369665081165,56.654734484603324,57.669019592824554,57.35641925721108,61.36364093650438,59.632920823185565,72.91818924299974,47.08687975121467,57.073001873884316,114.017367312783,85.4093406300459,6.505
242,1999-12-01,54.006932850482215,57.552513032633584,58.007701610846425,57.648097166439925,62.25786421217235,59.848240932948634,72.2989989208419,48.168762627925446,59.06179848026321,123.564117647059,87.2228376839286,5.982
243,2000-01-01,55.57242124501192,59.28501940275119,58.23757582116528,58.49881881058429,55.149946619808375,59.91525245425859,71.26428775589511,50.772210436194264,59.634458799828764,109.166,92.9532749553571,5.6295
244,2000-02-01,58.04272406428304,61.89296675941126,58.682743613942094,59.247223439211645,52.01116021200929,60.7564979030597,74.78489298818516,55.86215460528612,65.42133302641021,101.645333333333,95.0816190401786,5.351
245,2000-03-01,58.487300099091016,62.50375594692399,59.665482747528856,60.33964199715162,51.697598938935656,61.76391440900668,75.95924534132907,56.59115942685588,66.34397852615292,97.946,95.1693511057143,5.1112
246,2000-04-01,56.455139929054596,60.30759309111024,62.052764248431366,63.09343060702601,49.75313529068296,63.77714061727844,75.44208718524153,55.443100023219,56.789453672420414,92.564,95.5393729517857,6.011
247,2000-05-01,59.40405959031283,63.61651283113803,61.195069479047994,62.17224723328048,49.6458119254011,63.148922202804236,76.3662151534865,53.5056598052999,67.34660740994978,91.7572727272727,95.5305508928571,6.78086956521739
248,2000-06-01,61.3221217602032,65.67008643974246,59.022405560162525,59.982856209854766,47.670845546830336,61.09874647610654,75.14463940234513,57.011794756688865,72.15293099481958,84.1027272727273,84.0395145034014,8.33454545454546
249,2000-07-01,59.845570214637576,64.06406585970117,57.270032298765834,58.09068675469923,47.57072259480429,59.36980178822983,73.57418277033096,60.4788176559384,68.97189240148792,84.6733333333333,75.057375212585,9.64047619047619
250,2000-08-01,60.751760401179176,65.13766753124506,56.04574971293129,57.04607747304241,44.222882389615904,57.97956031676268,71.06127366762202,59.16953311969335,72.86648500954692,74.5247826086957,75.2405311428571,10.5978260869565
251,2000-09-01,63.58180034397373,68.29598214650989,55.60193515108587,56.55404679530634,44.34893378946044,57.80613261793561,72.71694103572472,58.17839736017085,80.35911656887994,73.8315,80.150576268797,9.8575
252,2000-10-01,62.86248778106419,67.5279312509702,55.21218188549977,56.219321083768186,43.30881021868217,57.31138114759598,71.51190469352696,58.253037780451905,79.17123131104584,75.3713636363637,84.7072744047619,10.4131818181818
253,2000-11-01,63.932729778261745,68.75215790177562,55.64959541318663,56.8741265500244,41.17686983122996,57.90976728781541,73.19922765636885,58.18618925809059,81.70264863775996,70.4715,88.9371078282313,9.5135
254,2000-12-01,64.43627420256081,69.265972976,58.582646619983954,60.21721772925947,39.26366125728441,59.835320132898296,68.30932259502785,59.04928720479853,63.25915569099598,64.4952631578947,96.2242037593985,9.7175
255,2001-01-01,63.945196494789045,68.773384690602,57.16361058516937,58.583314942456084,40.38413397375441,59.00255374729322,71.44251413832897,69.0925061577693,64.55762376295745,64.9842857142857,94.2972332706767,10.0595238095238
256,2001-02-01,60.983646199212465,65.50757701778073,56.354489094391084,57.566907993219026,42.02491797509068,58.23673865140867,70.9696552622191,69.9389932661241,68.24103720503676,66.941,92.3775148214285,9.3625
257,2001-03-01,59.03349373335113,63.32830410261302,57.58465726939059,58.98693182143902,41.01118341329315,58.85142634408371,67.42078152500807,68.05127212480879,63.39852807569946,65.9277272727273,91.0121535714286,8.71681818181818
258,2001-04-01,59.394886237193965,63.755020029974276,57.850529443206185,59.415533502641416,39.353756592378545,59.27372340447423,68.90125125394202,63.223064510918555,65.63055945730243,65.5057894736842,87.5450665178572,8.05210526315789
259,2001-05-01,59.98114721131757,64.30100653820631,59.25403064056332,60.90162175565566,39.78116191337127,60.376166154197406,67.96711384116149,53.585866572045305,70.7350502643409,68.9386363636364,85.0775230867347,8.95954545454546
260,2001-06-01,58.42783981811134,62.5891080681701,58.87059834432514,60.67831720071361,37.50518087899138,60.11891096546733,68.56341315698911,45.86180235926099,69.92064744913883,63.6675,83.1606659863946,8.74285714285714
261,2001-07-01,55.898913532468576,59.798336048074944,60.18275170452647,62.22807851598762,36.00904735582514,60.96014474946658,66.21900151377906,47.20611441831966,64.28078447157706,58.472380952381,90.7546695436508,8.53619047619048
262,2001-08-01,56.12908132655193,60.01316436762566,60.25225904780841,62.27500044887405,36.34549151841413,60.83816842163693,64.80168918360846,46.71791404409246,65.6423315103247,59.6769565217391,92.8790316381988,7.90434782608696
263,2001-09-01,54.040797402358756,57.57643626850939,58.235367132697576,60.20241999711418,34.98678205758044,58.86380836134374,63.115045785899575,47.12499857546515,63.119648519623674,57.712,89.7439884868421,7.16066666666667
264,2001-10-01,50.394672067582555,53.53780769398511,57.07936727578619,59.03062948733383,34.01741182474063,57.468077169443696,60.09759600411962,48.804859842631934,52.57303147305449,56.5317391304348,86.2677391304348,6.59608695652174
265,2001-11-01,48.172844383348604,51.110686021516415,56.082393796921004,57.812665291316186,35.632326201799245,56.71614520411024,61.0033045712829,47.798768923432526,47.76639392438341,58.9557894736842,89.8825542410714,7.278
266,2001-12-01,47.89734742903896,50.81624416328122,55.90847985997458,57.54137635777266,36.60928671948977,56.4964971843281,60.474277669806725,47.78177452912748,47.550580310706955,55.599375,92.3115151680672,7.41
267,2002-01-01,48.532129882995406,51.476038672805245,57.498180233210014,59.19791883350298,37.40898071589474,57.93876576256624,60.91920944725559,47.20840990362973,49.577972722353536,57.3357142857143,91.9669605867347,7.31380952380952
268,2002-02-01,49.549359235783854,52.47886762360758,57.904973612119626,59.46752219037965,39.437222077411676,58.586636071034114,63.1979009342496,46.503608430891,52.03086093754434,60.5094736842105,90.728193843985,5.68315789473684
269,2002-03-01,53.973066550186815,57.41426850869587,60.880359006768884,62.29723458299305,44.13431574042637,61.047467661634585,62.17791317531077,46.4800160055628,61.3385598405902,66.379,89.8579491071429,5.9245
270,2002-04-01,55.780683891944044,59.34812047716509,61.005413663169335,62.47134494285983,43.67958135501322,61.25703089495735,62.95915440894896,46.05858884818186,65.6354613223923,65.7795454545454,87.1066477678571,5.17818181818182
271,2002-05-01,55.93849118488332,59.41675418525389,60.17219134057506,61.743797620409666,41.59738688957207,60.58049813475103,63.34258477862184,47.77095097978888,65.23381204026407,58.4322727272727,90.3313050170068,5.61181818181818
272,2002-06-01,54.9353874723174,58.23958992234835,59.61626446089759,61.1458566557872,41.538024207973066,60.514828934510234,66.59337812013239,51.990755231787396,61.08899455513379,55.163,93.1698001339286,5.246
273,2002-07-01,56.43252603121077,59.977571407088135,61.60754216066717,63.14770865212033,43.404324365087525,62.62650661994157,69.51952962050403,51.652502090497876,62.78029676697495,53.0857142857143,99.7000026785715,5.79476190476191
274,2002-08-01,56.68058084871129,60.28097000786003,61.49502007395412,62.971954640689,44.03913998742618,62.71625977547378,70.97762088101148,52.65306829131402,65.71921228364064,52.0231818181818,109.891001785714,5.85681818181818
275,2002-09-01,58.926202341575554,62.70039371101931,62.419081901010436,63.5561238796226,48.980390113952225,63.92084832147798,74.0798979169138,52.105348858815105,69.38465487276022,57.5775,113.941454196429,6.4095
276,2002-10-01,60.10425270780945,64.03509133002771,64.86660159359727,66.07938924868526,50.53267214644554,65.99578565502541,73.63441488929246,51.31986592549091,67.74491501345639,64.0530434782609,109.64680993323,7.02
277,2002-11-01,58.025543595115906,61.68606180204383,63.56842754825077,64.73806178253376,49.74452810233371,64.84311161022839,73.46600957069188,51.71784461509718,60.396898354274164,70.1844444444444,108.646429375,7.29684210526316
278,2002-12-01,61.332141880027926,65.26160887107093,64.48492925426766,65.68502428627704,50.3010138371441,65.69622032641861,73.89028160570787,52.0455176210623,67.4544098352538,63.8619047619048,107.012648482143,7.508
279,2003-01-01,65.33934538839863,69.49719170194128,65.0130304456832,65.9879270541221,53.49073373940846,66.40464208001895,75.81852390486425,56.03539094859419,72.88789245780933,65.2185714285714,105.84425612244897,7.89047619047619
280,2003-02-01,70.34548208263145,75.05054496558688,65.33654085656589,66.25229559933956,54.51324147786298,66.76157569279394,76.40155657075067,60.63323969885075,77.81254133557695,67.595,106.14107996031746,8.34833333333334
281,2003-03-01,65.82764091331696,70.18852897986257,64.75061367718298,66.01623879704806,49.79219857575895,66.19798409973424,75.98905926646168,68.49485998141456,71.80631912029867,61.66190476190476,105.13187891156461,7.84333333333334
282,2003-04-01,61.866212481553376,65.89104502469763,66.1863299560775,67.5636036416496,49.908341179075315,67.64532940440097,77.51507183120061,65.28213312776708,60.68369385712621,65.322,105.33809336734691,7.26190476190476
283,2003-05-01,63.06104328789666,66.97180702354869,66.44825535764326,68.00143721984385,48.09120897942678,67.53218003633387,74.86464160855769,62.03122790559779,60.03104426763715,66.35894736842106,107.90640068027209,7.01380952380952
284,2003-06-01,64.35933015681508,68.41089892596325,65.7996527495418,67.56213727951588,44.968859495374055,67.15850925941155,76.3508113968836,61.15805237649499,63.936055146979015,61.3442857142857,107.02530255102039,6.4047619047619
285,2003-07-01,63.28487975560195,67.26322392406361,63.21733624962615,64.70008646489369,45.69272105072579,64.96922374699437,76.82027576735229,62.898627952190274,66.27742810393327,62.2861904761905,97.67066496598639,6.73227272727273
286,2003-08-01,64.43682375815645,68.46621000097936,63.63419625321854,65.12740348444417,45.98598965038027,65.43935303618872,77.6507575767309,62.05827783185581,69.46126763222476,63.598,100.3495782142857,6.70904761904762
287,2003-09-01,64.49912902147643,68.36176424886612,69.60279835566331,71.48898193745369,47.31000680857464,70.84206551486442,79.22537756708029,64.61430899623113,62.538034380845694,65.5075,103.23845527210885,6.27142857142857
288,2003-10-01,67.45470282139416,71.65193813661466,72.56571559076097,74.89150843838,45.077184975694095,73.91456687873932,83.03918635662966,65.0095964313536,65.68089272927826,62.5826086956522,104.20595155279503,6.09826086956522
289,2003-11-01,67.38191462377655,71.47131488917398,70.38651551620906,72.54646036496304,44.8581413264734,72.0693195945039,83.45304069640216,68.23199675364836,65.81003371448685,62.3622222222222,108.10048487394957,6.19111111111111
290,2003-12-01,70.5063078649893,74.79472388153911,69.96152162075605,71.89085609519326,47.15872995271741,71.44368632459624,81.47013553114398,70.28146658881715,66.15639983514858,65.01,111.99220958646617,6.34380952380952
291,2004-01-01,73.1233565839023,77.64589437900185,71.58686932828753,73.40397925304022,50.11045888672977,73.15682580639093,83.77716296825304,71.25417918311527,68.04803512395512,74.24631578947367,116.24558829365077,6.03052631578947
292,2004-02-01,72.87984390298028,77.4555849957488,72.11295898697787,74.04557710392335,49.271357969383494,73.8671413213046,85.73371730208491,70.47996345828994,67.84845046220141,77.5052631578947,122.93242913533832,5.87315789473684
293,2004-03-01,75.53267178666592,80.39230772042232,76.22150234159864,78.58075325905864,48.337531015598984,77.3951673028081,85.33469796939484,67.91115092705932,74.05795178196168,77.47,128.46019487577635,6.49608695652174
294,2004-04-01,76.4752780606294,81.47243087125649,77.4836976737262,80.11103210286409,46.4312490580591,78.46077662039995,85.07045529121788,66.51749385932843,74.8262904435474,74.34473684210528,133.43949965986394,6.86047619047619
295,2004-05-01,79.74469916729547,85.28826959602216,78.50316109848433,81.19071912552451,46.73893016893612,79.72068283912766,87.95689293021901,65.35985039038961,83.73840855201213,75.8083333333333,129.2852157142857,6.6225
296,2004-06-01,78.38823660853633,83.70046891093756,75.5339872143666,77.78220182954381,48.962353226496305,77.04123043613895,87.23732913276748,69.21551659408657,78.64642038631996,82.157,123.27875102040815,7.51428571428571
297,2004-07-01,79.72348532856019,85.13495410061604,73.03053544688903,75.18529609158313,47.56343333138866,74.54122552606069,84.76064129436612,74.89989138415183,83.29559200132205,73.9631578947368,104.4944887755102,8.16571428571429
298,2004-08-01,80.96042718132438,86.48991314863675,69.3608952833819,71.09911321879608,48.816908753280956,71.28108027834107,84.27062001657065,78.1945354946765,93.06920162158366,73.1685714285714,104.09313749999997,7.87909090909091
299,2004-09-01,80.59264122707022,86.03733240940593,70.1046735581179,71.82913203891016,49.72330993315135,71.9135632062351,84.15021958464301,78.87480765912628,91.87571679481898,80.9884210526316,97.72690527210882,8.67428571428571
300,2004-10-01,86.39391126830853,92.35725043597455,69.2910459412705,71.21196332160778,46.58773585392936,71.14354219555139,83.67518564296546,83.66847130459145,102.44018853164299,79.8090476190476,93.41514846938773,8.96380952380952
301,2004-11-01,83.72538320624055,89.21545274529973,71.34499804445691,73.09747141818511,50.63252658117409,72.6336571240605,81.35109235425135,87.00198953827909,90.04038293627944,89.5089473684211,93.75851033834586,8.666
302,2004-12-01,82.5679413494841,87.90256449986852,75.2454998871446,76.94867231844853,55.1157159433322,75.65232125928864,78.40435941899626,85.15428983052367,82.10559150816859,102.19466666666668,95.60852040816326,8.79523809523809
303,2005-01-01,85.42657613720604,91.248166043375,74.92711100655983,76.50619025997403,56.263983529179484,75.85548165253891,82.13566165051235,82.23490393245109,91.38898371513402,107.10526315789473,96.03875875,8.922
304,2005-02-01,87.44429073652142,93.50030813248992,77.71932617526483,79.02040335595692,62.34190339634795,78.29770684008835,82.21029789213354,83.86288323962204,94.72647206698998,122.23125,94.3593936090225,9.32368421052632
305,2005-03-01,94.52095785060095,101.27813371219503,79.89068985299376,80.93939456797501,67.49605561313096,80.78845018370153,86.86155955688585,87.80826166818481,108.13513779349258,134.7590909090909,100.01401105442177,8.895
306,2005-04-01,94.07298195166972,100.82558879813428,77.3567988613998,78.49637946483361,63.88810308400266,78.33904485206645,84.98367719841617,90.64763165898462,108.67103453013205,128.79473684210527,96.47087176870748,8.52571428571428
307,2005-05-01,91.6042781847429,98.14430673443194,78.38660124666572,79.54159027514189,64.73579339340593,79.32658863232272,85.68535277821455,92.52225083132417,103.67401323834542,126.15714285714284,95.36481241496597,8.51142857142857
308,2005-06-01,95.46970979816179,102.36742883986359,75.1586793478364,75.9292985181091,66.0507363613043,76.53812670477825,85.86972043498191,93.22006174193622,119.08150241143208,119.9825,97.61527678571429,9.03318181818182
309,2005-07-01,97.8478711178076,105.07062285457629,74.45543962627154,75.5220638232734,61.849015144370014,76.0727955558538,87.01377737443968,92.07016259549283,126.04444353415886,108.4515,105.66428714285712,9.5975
310,2005-08-01,103.80457349774026,111.5793107517581,72.98541162299367,74.04584575536764,60.45214747487112,75.0190458844493,88.77603967491713,93.36352192050067,136.69755842222108,108.42608695652177,99.28663642857141,9.87521739130434
311,2005-09-01,107.68722831945206,115.73701667518912,72.83474749536202,74.15541089436037,57.225835329032044,75.02527462368191,89.84360684462818,97.0822162409844,136.433036890201,98.1742857142857,97.07076836734691,10.8104761904762
312,2005-10-01,107.17850558761279,115.04522766933111,72.72852900928248,73.96446130642926,58.1210531874142,75.01202032604704,90.45923050573377,99.28203599696108,130.4776318214691,106.08952380952384,101.55124608843538,11.6128571428571
313,2005-11-01,101.19612831277179,108.32472378834278,72.09443589901306,73.18772559790376,59.17285202284796,74.29402024346021,89.17362211764893,98.50623278287603,125.08677818486501,108.814,95.97970642857143,11.808
314,2005-12-01,106.18200197420632,113.57168142787634,73.30954977607583,74.39966144861252,60.4255269728228,75.37161241957394,89.32091663804938,96.2171743517068,127.72162618809112,102.68357142857144,102.67605221088434,13.9271428571429
315,2006-01-01,107.9057604857081,115.13006173437249,75.27813619271514,75.85260958051235,68.48843893993947,77.53725596627405,92.81959915148748,95.09664702822658,139.4757821765676,124.3585,102.79040749999999,16.187
316,2006-02-01,106.11005782292345,113.08471343243534,76.70535362171687,77.40062485379671,68.48794742908551,79.22797231028147,96.29281542984096,91.09147928858053,134.82587667303213,118.51722222222227,106.93650206766917,18.0526315789474
317,2006-03-01,106.82643228556536,113.86311428152369,77.36364753872145,78.34290392631023,65.78982263088798,79.74348994297166,95.8424895507616,89.8598625760228,137.27364813097677,112.2034782608696,104.95208035714286,17.0821739130435
318,2006-04-01,115.69856526019339,123.25357632002458,80.41348055376562,81.64063335642469,65.90976952043286,82.4654080527507,96.3461507197347,91.00062873158346,151.88975402371662,114.70882352941177,107.91034736842106,17.4626315789474
319,2006-05-01,119.89218750018338,127.33492000131521,86.04270523727888,87.81543451471438,65.09082937916148,88.01027096679958,101.3203287467954,89.57459044642178,149.6257472686185,107.9636363636364,110.62468214285714,16.9004545454545
320,2006-06-01,117.22758760205572,125.0870498678954,83.81774680061335,85.46588618020674,64.33839813883141,86.54907194283538,105.02575859857761,83.07803649411363,149.83175949608747,101.20727272727277,109.61235663265307,15.6890909090909
321,2006-07-01,121.71322804423858,129.73972968785574,83.32913604897047,84.69037361062641,67.24067811675867,85.94411577323294,103.63375668394843,84.68465533910314,158.94880584121358,102.7715,114.30561017857144,15.857
322,2006-08-01,122.41103477327003,130.52659643919665,81.96991889310311,82.95551994088233,70.32110648753742,84.63890210169022,102.69386219127591,87.98820146219688,156.59733201037022,112.12782608695655,115.27728928571428,12.9795652173913
323,2006-09-01,112.61286658813054,119.93177348285163,81.4468745745855,82.4570662629302,69.50742554731012,83.68503628885155,98.82560378852678,88.57957829047643,136.16801565983798,109.358,120.26989464285717,12.3135
324,2006-10-01,110.80248518576408,118.02901330726212,81.64543502501455,82.73714222331871,68.74255471304043,83.86566307687805,98.88491412993933,84.64220336504022,127.43752864998127,110.91272727272727,142.2624107142857,11.5090909090909
325,2006-11-01,113.4407851927794,120.58472917536459,83.78416708133902,84.7417318969008,72.4667147229198,85.41438757346067,96.44239472906324,89.95833218436715,126.57530869948765,123.5705,164.10640125,11.732
326,2006-12-01,115.55068704257344,122.91552740376031,84.14442197518323,84.91547334913356,75.03137077618214,86.1968149394437,100.08070635496365,96.07889202496848,131.14668269137567,129.95,160.72073482142852,11.6965
327,2007-01-01,110.94954674900173,117.78139945202633,85.68317420731273,86.56651131010022,75.24301870582167,87.98648727209645,103.56778629439589,107.47004206676618,116.85388827608448,124.4645,165.16001898496242,10.9035
328,2007-02-01,116.77526570567129,123.96187525190746,87.41986625355753,88.48803967568901,74.79513148987434,89.81618403149214,106.02663515136942,115.62550640211245,124.71766602636986,122.34473684210529,177.3848855263158,10.5715789473684
329,2007-03-01,119.50174028200719,127.08605840200266,87.14242233423258,88.2756895221639,73.74834477380341,89.29066144635802,103.82292650801969,128.4764350746295,130.38163877977058,116.6145,169.58326972789115,10.3668181818182
330,2007-04-01,126.33975289939941,134.47587310485466,90.68865365949051,92.06614254404207,74.40812144714276,92.63835687931783,105.82757954181426,129.74722811246613,138.95886089691314,114.5895,152.63056678571428,9.594
331,2007-05-01,126.74981285228043,135.04568484191583,90.1270131251645,91.34105890259677,75.77821393816734,92.30204210509449,107.01553348262834,123.27297049542122,139.332582660161,112.52,160.13915892857142,9.08636363636364
332,2007-06-01,127.19297818825477,135.64201733664578,90.61338366333926,91.48710916739316,80.28682758508091,92.29854654987194,103.69822436084831,122.18298684525382,146.30062105204723,118.6705,164.53726448412695,9.26047619047619
333,2007-07-01,129.71540150618918,138.36094627850184,92.35135801738144,93.30180542490282,81.11802625853241,93.59709927129568,102.02420684882102,123.66826325334962,155.93769856499785,116.80095238095241,147.21640131578945,9.89571428571428
334,2007-08-01,125.44881320444145,133.6106263947734,91.6346038065132,92.76009941841703,78.33237845286068,92.40931813520422,97.65005409800222,123.57912510415538,148.69930330750398,123.62727272727274,151.0307857142857,9.61304347826087
335,2007-09-01,131.7847398905821,140.23521808839382,95.51425509802138,96.64029966569203,82.20554163971318,96.58108115883277,103.79787513809367,128.56141134941387,161.05692296456365,128.03526315789478,160.12503157894741,9.85105263157895
336,2007-10-01,139.38835759707422,148.31884930825288,98.30173207062559,99.50507120497798,84.07947462890358,99.02469339424029,103.91533407050261,134.82613206744432,170.5095510315692,134.57,164.11410372670807,9.99478260869565
337,2007-11-01,147.67128109344628,157.07080728894005,99.23817389068489,100.73945632078933,81.49452656455509,100.2293525626103,106.93441211700718,149.82502970081006,186.78790244265022,130.332105263158,171.11394339285715,9.896
338,2007-12-01,147.63823704746554,157.0616182372815,104.13813474796774,105.86602389084958,83.71622414996556,104.40759725882398,106.23043932972784,163.19132114937878,184.76266474672263,136.47230769230768,180.2832636554622,10.4463157894737
339,2008-01-01,154.44746791166693,163.8582510521746,107.1710956177852,108.7067920302484,89.02070965686053,107.5954860090412,110.46637390068403,173.09187863385074,185.8182871385503,139.0535,206.55880432330824,11.6595238095238
340,2008-02-01,161.36855941818695,171.26596653761942,113.04469040415293,113.95282459371958,102.31145829448857,113.07954148744997,113.31529977771649,187.2586501642625,190.64607823870915,158.2095,220.04759774436087,13.6075
341,2008-03-01,171.3803286441891,181.9922604870105,118.1509265314976,119.45768525581845,102.70635362519957,117.74395317935932,114.99088691549456,203.224241734259,202.0515107810248,148.065,233.9259292857142,12.8765
342,2008-04-01,177.8341085551551,189.7083954150441,118.0716864477222,119.81865853867414,97.42423460997134,117.59849097769761,114.39744973533264,230.76209239882033,215.4966209156771,137.73523809523815,246.6418625,12.5227272727273
343,2008-05-01,189.88905867276713,203.31782066775614,120.14318457389717,122.03133872741347,97.82710285233213,119.68424599365746,116.57964881105259,281.2319287554544,245.10425777964733,139.737142857143,243.53177357142854,10.9347619047619
344,2008-06-01,199.57009020007578,214.08658995378866,123.15900392927195,124.85010634858104,103.17187537911755,122.53480671615407,118.31227892556521,293.0738275630378,263.4862519225976,144.079,287.13207089285714,12.0652380952381
345,2008-07-01,202.7982419901596,217.22425006907346,122.69199405141485,124.28353753651147,103.88155190043987,122.41878219787387,120.57057682295309,318.24731655590546,264.61303157572996,145.3527272727273,267.1414540816327,13.2077272727273
346,2008-08-01,181.09992094117757,193.98420197270676,113.86529836384396,114.7668265871552,103.21014212660337,114.04032291018274,115.22431731999292,332.07449288174917,234.58091184477757,145.76578947368424,235.15946666666665,13.6814285714286
347,2008-09-01,165.91767483246463,177.16678784513374,106.32824184978072,106.98236803401105,98.59712871142028,107.23446007513904,113.36478485150239,329.00283093949156,208.16165482578813,140.55727272727276,233.94561339285715,14.0204761904762
348,2008-10-01,135.64244962987308,143.67777864328852,93.2307671323124,94.01671138241134,83.94169712648724,94.21302997455166,100.85777631729896,271.2582427395056,155.61761826100266,121.40727272727273,183.0247028911564,11.7021739130435
349,2008-11-01,115.07584016152877,121.19913092068647,87.76033245865496,88.26526203961781,81.79257300881461,88.91148531045151,96.69872755661098,210.77190230512147,117.93118001631683,120.43705882352943,164.304400210084,11.8284210526316
350,2008-12-01,102.51367594778738,106.71528646226072,87.32746844165581,87.85581389090628,81.08295699605542,87.49158470755174,88.60178750735554,173.3909993597656,87.2872785480481,116.97125,158.9097969642857,11.32
351,2009-01-01,105.37048789197452,109.50924443503382,88.71195370147176,88.87812513488882,86.74797460526352,89.14202915548435,92.05137498153708,187.29503468235333,93.85943397133148,128.027894736842,173.2951299319728,12.244
352,2009-02-01,101.63659158471214,104.58740547744165,85.11468953990969,85.03944121575425,86.0040489961471,85.6228371635894,89.06032041025681,196.92266313178087,91.37485343238988,128.509411764706,163.39996051587298,13.3121052631579
353,2009-03-01,101.65745912545832,104.78182177330768,86.25547916657737,86.54845102843991,82.79284662713776,86.2178924386579,85.96362824160285,196.9185364882455,102.36449590939897,127.764090909091,164.57703035714283,12.9281818181818
354,2009-04-01,103.8679049992774,107.55111950957804,92.13881941716481,92.76387830176343,84.75125250504773,91.77782714827974,89.33581065810503,176.04173815373278,109.58141600658973,134.57952380952383,168.7959054421769,13.4695238095238
355,2009-05-01,112.43200796920448,116.73567923492023,98.2840022727414,99.23452981024855,87.04972345810941,97.7083459199232,93.81418411253142,162.26150380694634,124.15205649590241,147.34000000000003,180.07021214285712,15.466
356,2009-06-01,121.52928712766742,126.70784284431389,96.9848604575858,97.72240836967912,88.26778645746123,96.46259129526607,92.92957960326056,159.21986499699645,145.27044303300963,145.17318181818186,179.39379464285713,16.5759090909091
357,2009-07-01,117.0443369991788,121.81920271737232,93.55472251177629,93.94023820285614,88.99831505369806,93.52084868716075,93.29170129142298,157.02670472698276,135.31600161153352,137.87136363636367,151.80025535714285,17.8045454545455
358,2009-08-01,123.64496695409504,129.02929820113772,92.26733567701487,92.2849921274203,92.05865420393394,92.99917420738022,97.94986682142687,136.95755470562105,148.9737809636186,146.86571428571432,152.03629421768704,21.72
359,2009-09-01,120.10171736507286,124.6573063407695,91.11842127131924,90.71911232807551,95.83785108746234,92.07679364622503,98.55992734456163,133.46875551163257,140.5298484765278,145.66857142857145,150.5927930272109,23.4514285714286
360,2009-10-01,127.5579091610109,132.53499789812665,93.83789192570605,93.48279675339695,98.03475946929385,94.84268431282749,101.63983702230477,130.09047207595796,151.2320011907719,151.94954545454547,167.27912142857141,23.1609090909091
361,2009-11-01,132.46017097885013,137.2317255312827,96.20123438419137,96.12294232372402,97.12656774020235,97.54970298828701,106.67173371170041,131.82278559757214,157.29402139229686,150.22789473684216,171.6868545112782,22.769
362,2009-12-01,135.0917946224809,140.09139400907975,97.90671881008684,97.69290217801766,100.43381620083728,99.7008698176289,111.83782322057328,141.00180570546672,153.65155693641577,155.8614285714286,164.61281964285715,24.9027272727273
363,2010-01-01,140.87935626457153,146.68560297682868,98.57008745277332,98.51839383853297,99.18105394495414,100.68129685716025,114.96306581483876,140.69674164253408,160.0311311746019,154.40157894736845,167.33563082706766,21.90526315789474
364,2010-02-01,137.55381992920164,143.18820583819675,98.19595546417406,98.34620006874258,96.42021545505938,100.38940294933953,115.2274906060351,143.64449670802117,157.62755175921382,155.92421052631585,161.9069612781955,21.97894736842105
365,2010-03-01,142.1344570380292,148.12461274582108,100.80854622047539,101.25378668256616,95.54625208031678,103.31351268442972,120.25894320903326,140.5149000169905,168.41897005847787,162.12695652173915,158.92776940993787,18.147826086956517
366,2010-04-01,150.03775279034224,156.60164885424052,103.43526884665143,103.79585780162009,99.17347032136229,106.58328342120122,127.87876303383604,135.14515382213358,179.9250335605535,171.06210526315795,157.2666426870748,16.885714285714283
367,2010-05-01,141.22564365962438,146.27835626892207,100.03879252661764,100.18706314466569,98.28638305141423,103.35787663140377,125.81059602397542,130.4361306077042,165.69167844049997,174.00944444444448,163.24030053571428,15.105
368,2010-06-01,138.3084522899819,142.78204839097407,96.95089955983863,96.35339070856148,104.01285280641416,100.5898243388441,125.20618065107769,123.59866056054923,165.13898950652413,193.52409090909097,152.8739339285714,16.299999999999997
369,2010-07-01,138.54506848284709,143.40751995913448,102.6356183710343,102.12545867031344,108.66519257244893,105.03640954825403,121.27712202207984,128.49971911815354,160.7112289903219,205.24714285714288,163.9217455782313,17.69
370,2010-08-01,142.36278241892896,147.45011410940754,104.8499511018191,104.4015206832873,110.14994731651122,107.31574550885587,123.99618750824213,140.84223842746275,162.18733400306886,212.7995454545455,175.6001303571428,18.603636363636365
371,2010-09-01,145.00311482257237,149.88919249640568,109.70995012581929,109.67239266628133,110.15384149705226,112.33672921353495,130.1061896733373,147.8941926065278,161.71973609611223,222.10000000000005,205.83952040816325,22.669523809523813
372,2010-10-01,152.6933656809877,157.8055879692284,113.29604782646729,113.51648059962476,110.69075430700951,116.77444492617651,140.30487427055112,156.2033773681343,168.86970207378192,215.8371428571429,235.70312295918367,26.94380952380952
373,2010-11-01,157.82661983980879,163.26706604379956,114.65915369359813,114.62306697703596,115.08566236311789,119.19077942570509,149.8460197700025,164.4978033607506,175.61397755322673,227.95950000000002,238.23674875,26.420476190476194
374,2010-12-01,166.8035818941021,173.07230864028043,121.69062924755782,121.9208366934683,118.96980893408708,126.62424329083696,159.99882742543718,165.85123052466628,190.29841242560033,237.32800000000003,250.62555085034015,28.04090909090909
375,2011-01-01,172.9814359467209,180.2585734557602,125.96764220726801,125.78468233368295,128.1300437691786,131.8943654488201,171.98706863404956,168.84170473553147,194.38593959138157,262.9447368421053,265.28552397959174,29.736842105263158
376,2011-02-01,179.46816796524558,187.33120772165154,130.14434809176998,129.46603235176758,138.16135743326214,137.49307716903255,187.20527085098246,169.5540906036166,202.9346647471058,288.08315789473687,293.3967969924812,29.306315789473683
377,2011-03-01,185.47365141645923,193.55131770670576,129.37303525402302,128.41608480391875,140.6832264310759,136.41687043127124,184.06653813755895,167.22839378354007,223.06860114878285,294.4834782608694,290.43472173913045,25.9
378,2011-04-01,194.87069783582012,203.56019359452475,133.2916210799948,132.80219211593132,139.07617883901096,140.1460218580056,186.51421634002577,165.33173113454993,236.04613938172352,302.7094736842105,318.93877602040817,23.903000000000002
379,2011-05-01,187.74133461409113,195.29230622740386,130.48097862695587,129.79625148815614,138.5737642493435,135.29249699995233,167.84113646507245,177.63966804192196,219.71455780495043,293.0576190476191,308.5752214285714,21.84095238095238
380,2011-06-01,185.93717680258968,193.11891056392253,128.32399972742462,127.85077536345601,133.91703542278486,133.38667915210388,167.6343561943809,198.3410419620077,214.77347938787202,277.77772727272736,310.53647428571423,24.924545454545452
381,2011-07-01,188.47069685358775,195.53893696300216,127.39470886772801,126.9607601800787,132.52354559883605,131.81848409105373,161.7441444869191,206.16996891361802,219.51575174777614,269.18000000000006,300.8322094642857,29.470999999999997
382,2011-08-01,184.134851319023,189.05416765886034,127.08510789645467,126.56096371498175,133.27996458538001,130.41796443538513,152.96385067442205,209.45488112130084,203.03223399698012,273.54217391304354,310.30711164596266,28.874347826086954
383,2011-09-01,182.10749205110676,186.65204082298388,121.39179416995579,120.6369939948194,130.31277255534164,125.07048404673452,149.9558406475215,212.44978944960138,208.89642828651938,275.58454545454555,296.29949642857133,26.638571428571428
384,2011-10-01,175.6842826503128,180.46857426218244,118.4520695749076,118.24710845754521,120.87450369464527,121.51144010529403,142.20726638388004,205.48560554974333,206.15535892014157,248.4928571428572,274.8463760204081,26.29857142857143
385,2011-11-01,178.04025640676167,182.42260558424542,118.1869904827635,118.05669557818973,119.72694511674173,119.98457141475126,132.1447273424537,203.9143956649854,218.3282829401876,249.50400000000005,274.27834892857146,24.517619047619043
386,2011-12-01,174.76123515274494,179.5580869441299,115.21472818956202,115.07819537229739,116.82840867326591,116.87409045645606,128.09923395175574,190.23476449568693,218.88018469007034,243.1446666666667,258.5179404761904,23.415238095238095
387,2012-01-01,177.61859401088353,182.70414050810547,117.69728293094278,117.84453180774153,115.95694940895275,119.66704640843606,132.9919713677397,183.33257009412947,225.89115617642514,240.89000000000004,272.9201455357142,24.0205
388,2012-02-01,183.12773659145046,188.05263134049343,120.09351444454443,120.59323284738623,114.18734587519316,122.36844223098069,137.75772241028153,185.18320454132225,236.1205446721632,225.49400000000006,279.5143214285714,23.416000000000004
389,2012-03-01,187.2343880318734,193.247787926096,122.11222580702855,123.09949405875805,110.44370872876328,123.8630359970147,135.7068003200487,211.30871464387045,248.1612366790758,201.85090909090914,280.7150519642857,23.78818181818182
390,2012-04-01,184.22992962297275,190.11827712632302,121.0098775953921,122.16986095625131,107.30004176001698,122.91749322891306,135.82200458690062,243.025726336336,239.28052951230242,193.35100000000006,274.21929660714284,22.477
391,2012-05-01,173.3476511974485,178.58996572111403,115.8526509767804,116.5342386383212,107.79697081579943,118.0345830185009,132.79477176929745,244.15234041128153,220.83069797265395,186.34590909090915,268.8849035714286,20.265454545454542
392,2012-06-01,162.08035007341985,165.9465548506125,115.70678846435271,116.75688980702866,103.29564749080424,116.77805952059502,124.0249227093007,207.37864513463637,194.35606048464365,169.78952380952384,267.32892176870746,20.09809523809524
393,2012-07-01,167.31402559156473,171.79758724534912,122.36488271219565,123.55572981050605,108.29026856361374,122.47501762100455,123.22005092680313,193.461394422093,208.4665392029783,190.77285714285722,332.99885255102043,22.757142857142856
394,2012-08-01,171.97439708442298,176.69405692518603,123.48878081626768,124.87643965800201,107.08804994578956,123.04586449039327,120.04965358844375,192.7898943874772,225.8608633194103,175.9669565217392,332.23349534161486,20.561304347826084
395,2012-09-01,173.7071594688717,177.54970690625996,121.24331643480073,122.34305021669648,108.24556998330073,121.41200549108657,122.55314199917372,189.62464097012395,224.3928341914835,179.60315789473688,320.7059056390977,20.206315789473685
396,2012-10-01,172.09686828229323,175.73403490973365,120.24848576051032,121.5073146427973,105.37039534704142,120.66410060632275,123.4756242718296,186.04415511217195,217.8903903352403,172.374090909091,321.3824173214285,20.38869565217392
397,2012-11-01,169.75116132995362,173.35744395275958,118.99875298075403,120.52980956113988,100.90320516512624,119.46355007492555,122.60777854291372,175.78292008159406,214.73723579838028,160.64250000000007,321.59687048872183,19.31333333333333
398,2012-12-01,170.53821402927176,174.52903582348833,118.9373764329088,120.66788241996602,98.48453737053246,119.62274337513152,124.25906808063732,174.42562726137325,213.42350584364127,154.63000000000005,308.75040056390975,19.202
399,2013-01-01,174.69494768737073,179.3152944331878,120.25915135608842,122.09597533335727,98.54974065541805,121.07915018385336,126.62622371401628,171.50621388094885,222.0083162770511,158.27285714285722,303.3602112244898,18.845714285714287
400,2013-02-01,176.1777976652122,181.35891248500576,119.47890004286164,121.33550462915659,97.53570245211836,120.19064415292696,125.00540336905179,173.32711140748395,228.80521777968238,152.99842105263164,302.61034047619046,18.207894736842103
401,2013-03-01,171.58681229887668,176.56324103934458,119.7087874891918,121.5997756607396,97.35921052685232,120.2657602482059,124.03353252291816,169.80463277790142,221.5536446924887,153.0115789473685,309.579205075188,18.338999999999995
402,2013-04-01,168.3208811438106,173.90457901699298,121.88522976564074,124.07904589673198,95.95653110915279,122.08443480884533,123.43200383555597,167.81479355569016,213.3130410608488,152.95954545454552,279.76484642857145,17.66227272727273
403,2013-05-01,167.1667820877594,173.26863800426375,124.1726872913605,126.57965712143468,95.72472644597842,124.52204850662645,126.88538401888484,155.4577217260299,215.01151708275123,151.4254545454546,295.36897500000003,17.426363636363636
404,2013-06-01,164.7012424295885,171.16885214049697,121.83714293692759,124.59968267830176,89.18670361089684,122.18827822004202,124.56361482848482,152.78762961818904,213.77897979107274,138.85500000000008,297.1119132142857,16.955999999999996
405,2013-07-01,166.66751215381376,173.8617899218268,120.15913701068553,122.60813788307756,91.21441154814462,120.02534593199637,119.12028494161505,149.5528279116745,226.911694468957,138.43952380952388,279.0132714285714,17.09636363636363
406,2013-08-01,169.3118023831768,176.2581166321751,117.11889677824864,119.28744551365416,91.48883330785682,117.44389830874138,119.64244704566147,146.72088729346163,230.85183275812915,135.63000000000008,234.93876607142857,17.244090909090907
407,2013-09-01,168.68031130851102,175.53975689609322,113.54289260864233,115.60460280692234,89.17555311715148,114.28575309839592,119.31100633021778,139.81783041776325,231.7445118089299,132.78000000000006,207.49017339285714,17.619
408,2013-10-01,166.0099433194859,172.86284176398203,112.80352940931371,114.89894005177693,88.0378845861072,113.5711819105031,118.76414649231548,132.96592197326683,222.31565183649727,128.8282608695653,201.77999285714284,18.81260869565217
409,2013-11-01,164.2980874438915,171.3231145094723,113.62428495566157,115.95552423544113,86.07138299413505,114.26187953076682,118.57503690464002,133.13264548251064,217.6091023395749,122.74842105263164,199.18244417293235,17.7485
410,2013-12-01,167.885816346645,175.77364240032668,115.18923310159177,117.22383919153249,91.14223689116336,115.96597773261759,121.22044814961006,137.99532989426507,222.56817370315022,126.7371428571429,197.55344863945578,16.544761904761906
411,2014-01-01,166.68844833450558,174.2650700235996,115.74692246535788,117.76153423921374,91.93623894734685,116.11578566297321,118.61104688830959,153.71377906942138,216.11166234178617,135.03333333333336,198.7719886054422,15.707619047619048
412,2014-02-01,170.99184603753946,178.54618770067458,119.7643762100747,121.05185958321108,104.54761855468841,119.5888839231096,118.40172537262072,161.47657275307571,220.88021353813951,176.27631578947367,209.35601954887215,16.88526315789474
413,2014-03-01,169.83014901627962,176.93489912339498,127.13023768176214,128.09889023963868,115.68173936867672,126.39486861744489,121.42029288214343,163.01726406004593,218.15381115161642,216.0595238095238,222.39291717687072,17.888095238095236
414,2014-04-01,170.99844055244972,178.57142663461227,129.5743282179618,130.63854601172844,116.99634500032502,128.16041709170972,118.59568514713608,157.5263633071001,219.94484978246393,226.98523809523812,222.43041071428564,18.214761904761904
415,2014-05-01,168.7603893174985,176.18417544564406,124.46382368958167,125.38075779005692,113.62658548983573,123.47046682631047,116.75067238797378,142.95573855343952,221.7122247272076,215.23809523809524,216.97510102040815,18.24047619047619
416,2014-06-01,169.0746087706652,176.610337159783,121.59081797051113,122.51104979313055,110.71460401408406,121.02534782421209,117.20009298917466,143.52941916690943,228.15495053117152,198.91095238095238,202.6338229591836,18.241904761904763
417,2014-07-01,165.68071380233124,172.54364880795308,119.18214934839938,119.78845841245418,112.01618644395408,118.54470828640447,114.23258938780963,152.7559024730662,221.55643183090925,198.5909090909091,182.29451625000002,18.73045454545455
418,2014-08-01,160.13701843726167,166.50854737232487,114.27796906522363,114.20290111897754,115.16519663611761,113.64256184520856,109.34420134556379,147.63009014545804,212.78754838485494,214.5,176.4820806122449,17.724761904761905
419,2014-09-01,155.0582460767185,161.37330632051405,112.20334880827198,112.02599069552654,114.29954319506996,111.50527567528816,106.78299697563783,145.28612184336436,207.60706300576317,212.00523809523813,163.13438129251702,16.544285714285714
420,2014-10-01,146.42700202045987,151.9135870679101,111.89694180255708,111.37120063426255,118.11067326839276,110.99368136275648,104.88336521740473,137.30994641380565,188.06594102666125,227.05956521739122,163.37808928571425,16.475652173913048
421,2014-11-01,139.59573345540323,144.72808146128062,111.20364392734741,111.11127218400821,112.29538496410656,110.47697603670352,105.56126142233353,136.7888232798511,170.22852737304407,212.92611111111114,178.70853508403363,15.878947368421052
422,2014-12-01,126.23491484817129,129.6202182766606,109.18244838738892,109.18427183250064,109.16089710141321,108.65542565556112,105.0902573327176,138.15534425660076,134.8603670428257,200.59000000000003,178.71294608843533,14.992272727272727
423,2015-01-01,114.22476486421697,115.8022566928126,104.76439230199573,104.53710202094211,107.45073466290121,104.72277499747558,104.44124502391486,143.83721993607264,108.3428519152921,190.89833333333337,174.7948714285714,15.062500000000004
424,2015-02-01,117.58875337202718,119.770274830867,101.96660120926944,101.53081644144117,107.1171385601302,102.43010988328568,105.56562253230312,139.8977430658534,126.22782138919656,179.94000000000003,173.7588657894737,14.512105263157892
425,2015-03-01,113.57228564604348,115.73947721566458,99.10863809093965,98.9538246022442,100.93837771198409,99.5821941034274,102.78567431946654,135.13192350474753,123.82118054737896,160.02227272727276,174.29382142857142,12.840909090909092
426,2015-04-01,114.84288321070673,116.97908954316362,100.9298439284855,100.88369550291691,101.47527187163985,101.30827499070588,103.86826027014314,132.6499372763758,134.67257279201232,164.95190476190479,172.1515770408163,12.91095238095238
427,2015-05-01,118.6934729973257,121.25494331515566,100.82992563860799,100.7662559194556,101.58243763724326,101.45379494088816,105.67410450205212,143.84278111687485,144.4327946219386,158.17333333333337,166.3503894642857,12.703500000000002
428,2015-06-01,116.50240329650684,118.975025864923,100.7043375925798,100.30179498230194,105.46198609847319,101.0579083089972,103.4497199746622,148.63032210664213,141.63215544277966,159.7695454545455,166.81386071428574,12.113636363636367
429,2015-07-01,109.74369497510652,111.91812514900393,100.54488271291854,100.15579315832466,105.1435296407422,100.39382383957694,99.37195082044893,137.6988803443624,126.58698780625139,153.29227272727277,179.60853035714285,11.878636363636366
430,2015-08-01,102.52024145127211,103.9913212553257,97.61142412256989,97.0864767073335,103.81577422614782,97.5511577412629,97.14347173344521,130.64759735202708,105.8469757638324,158.7761904761905,162.7406991496599,10.674761904761905
431,2015-09-01,102.36254837675969,103.75183608476196,96.65629885535972,96.2900233180341,100.98530706072631,96.43753227455744,94.95763465938596,127.33297430646988,106.80016833867278,147.65428571428575,166.07762397959183,12.137142857142857
432,2015-10-01,102.31737686619056,103.38696300853341,97.25325480233101,96.82412961459889,102.32508261913162,96.95482457369424,94.93602361225427,122.92376119097135,108.34932659651354,153.88318181818184,171.44857321428574,14.141818181818183
433,2015-11-01,96.22614943587634,97.27311403310395,93.46512105147778,92.77172631222027,101.66034898758538,93.5586181476882,94.19110108543742,118.70157250121483,101.21109981155668,148.9368421052632,166.09242406015036,14.843
434,2015-12-01,90.7535910628681,91.33958036608303,92.99534630950859,92.35305978383055,100.58652660005785,93.10552834241452,93.8508804301703,113.95873339797829,85.53271763160167,149.81500000000003,164.0044017857143,14.762727272727272
435,2016-01-01,85.32228161132106,85.02990370608066,92.44797309358134,92.31938264954995,93.9677827194388,92.63260153103464,93.88156370468073,108.18026806650998,70.15134670044564,146.32157894736847,161.09887687969922,14.291052631578946
436,2016-02-01,87.37083165144247,86.38096955195003,93.56486168475875,93.62896732786159,92.80719750377432,93.64346637083237,94.17520612301486,112.92042431977764,72.26375931884849,148.94000000000003,159.71684535714286,13.314000000000002
437,2016-03-01,93.60859812497252,92.90368154425397,96.97882840984701,97.08294364319742,95.74829114064138,96.78810781644344,95.4979338314275,115.55481531157817,86.75483073802191,156.93727272727276,159.2265321428571,15.430454545454545
438,2016-04-01,96.7585413314274,96.44691967474749,99.74541856436927,100.06911140313098,95.91969499776347,99.79743791722207,100.1493349754807,110.17944220890062,93.78793950200497,154.20190476190479,164.4654018707483,14.998095238095237
439,2016-05-01,100.58206146238072,100.54770563328393,101.1565614166225,101.44126822142564,97.79161353308206,101.11387838901429,100.82513908279107,100.4674608990989,105.65004591201587,155.40428571428575,169.00211989795918,16.684285714285714
440,2016-06-01,103.20915908130543,103.31788221180497,103.39834774609399,103.57827172650637,101.27182738594497,103.05244837421932,100.71253130987934,94.22021996797956,109.86158991053651,165.84909090909093,179.91273928571425,19.33727272727273
441,2016-07-01,102.82818881660569,102.34171201447545,103.86685731608247,103.88291064856783,103.67712308332416,103.72063780011663,102.73150174388816,88.77726750563143,103.17066781685605,172.35250000000002,161.8230448214286,19.687
442,2016-08-01,103.30582188210266,102.83928288201851,102.18399487994868,102.12454834463537,102.88659309611937,102.08790924055363,101.43791549803811,91.65121859315539,103.94332810698218,170.34217391304352,150.21541242236023,20.014347826086954
443,2016-09-01,103.35638250099814,103.03203600865744,101.99350224387668,101.70664702702703,105.38384219549174,101.914841567933,101.38272305920114,89.67160431797689,104.45842159804651,178.0709523809524,148.51190170068026,21.35238095238095
444,2016-10-01,106.56969932697673,107.14773587517965,101.06596635265001,100.64342220885253,106.0600128537756,101.0186668837686,100.6986985826697,92.76761436960928,115.85060079837596,178.62428571428575,152.61744404761902,22.916666666666664
445,2016-11-01,105.44564119729789,106.17372896427072,101.54982670052932,101.19577735032286,105.73433367945408,101.69843464490778,102.70372778280245,97.26532752574333,107.40604821649015,185.12750000000003,151.33141571428578,20.868571428571425
446,2016-12-01,111.64279301316935,113.83844193327722,102.04786159164007,102.32674944892257,98.75168781119004,102.53156946395443,105.80372430612641,98.34433691403892,126.70142138137567,162.55764705882356,152.72992465986394,18.830000000000002
447,2017-01-01,115.91232862639042,118.21749250124066,106.2167900459203,106.5366290159841,102.43661532851593,106.67043292208464,109.73920607798925,102.88169831174699,128.75250829014144,167.82750000000004,160.0121069642857,20.537499999999998
448,2017-02-01,116.36967752249221,118.34830644141506,106.51989556377387,107.02278794316925,100.57621378607585,107.16398346189037,111.52106643538532,102.9683540107019,130.1337278078645,165.55842105263162,162.96253591269843,20.405789473684212
449,2017-03-01,110.86862038090501,112.2544921942224,103.0700355914033,103.43533644775873,98.75254713411613,103.67574249316233,107.77318825530148,96.97909204724239,121.93844410981143,159.38863636363638,158.97911925465837,18.059565217391306
450,2017-04-01,110.97639080642973,112.06148868270687,102.27742004464722,102.80470979601672,96.04538588547037,102.99194787541252,107.82553822017698,92.81777746059062,124.52005075640672,155.9005263157895,156.54045206766912,16.316842105263156
451,2017-05-01,108.83827631239674,109.86838374580714,104.34643359564285,105.2184556262368,94.04001085918378,104.81079322180071,107.95206233526704,86.749571900673,117.83550401067687,151.1786363636364,158.6002196428571,15.689090909090908
452,2017-06-01,105.6440502609995,106.17457208156718,103.71717586233883,104.5174124848143,94.25918439988611,103.65692587937819,103.2493508020031,85.50559702729282,108.2089545101936,144.09909090909093,157.97390714285712,13.530000000000001
453,2017-07-01,108.48214300067038,109.55155959913667,106.0364203592376,106.86400798733676,96.2551675383155,105.59285359193522,102.59224262707602,87.44459346953603,110.8338762981204,151.69000000000003,157.61064589285712,14.119
454,2017-08-01,111.37236548451996,112.3510244731719,101.61472245871514,102.08084936005673,96.10557162821367,101.76309672372848,102.76680908299606,92.80746431692586,114.85279184808849,154.59217391304352,148.54343035714285,13.796086956521739
455,2017-09-01,114.56811736486772,115.61230887983804,100.27794349146059,100.84922316811497,93.52599269001452,100.61085808524899,102.86293658643682,100.95089627589317,120.90013226054998,149.71500000000003,147.31585785714284,13.931000000000001
456,2017-10-01,116.08646916728648,117.62383245544808,101.02568195266116,101.65215499046518,93.62140117296094,100.98343866521206,100.6976740839687,103.41608284314451,126.42578520801798,143.1218181818182,148.7223767857143,14.231818181818182
457,2017-11-01,120.84938966647276,122.90047724952763,101.41439919395364,102.29060043898986,91.05858234904647,101.46363278800345,101.79668493039823,102.11331259925981,138.15443056847568,144.24000000000004,148.79216589285718,14.966666666666665
458,2017-12-01,122.57806510590699,125.01528607284737,101.0755988206454,102.2817265025389,86.82038355358068,101.47321742097802,104.1630012820321,105.39563570279564,140.3361988570194,141.8328571428572,149.0874275,14.4325
459,2018-01-01,129.84020564603335,132.46090725727814,104.4342011894957,105.81764855552785,88.08324572308793,105.12154938152706,109.77127671396141,106.61158195354152,149.2176558981867,144.15428571428575,155.91687534013607,13.979523809523812
460,2018-02-01,126.82234293577987,129.1029092908909,104.65782514413979,105.89334425494337,90.05523276898818,105.39129581080421,110.35302939193006,109.63254536539242,141.80523389164009,142.92684210526318,163.46096973684215,13.572631578947368
461,2018-03-01,126.36472147610215,128.6557566482468,105.76986085224569,106.90542239454022,92.34866633244515,106.3908129374566,110.59138830262094,108.50137516453518,143.343643107487,140.20190476190479,172.07658996598641,12.825714285714284
462,2018-04-01,128.36623933318856,130.79233157906677,105.63604755573272,106.7188920059558,92.83791600597583,106.15838122556569,109.69182929370605,103.54205220395947,153.8646841019097,140.36857142857147,175.6009824829932,11.824285714285717
463,2018-05-01,133.05051385025521,136.2939457454228,107.1618907842697,108.3625263785131,92.97158646560055,107.53660734988327,110.07146504973407,103.35509062712491,167.0779755575437,141.6786363636364,179.1790589285714,11.827272727272726
464,2018-06-01,131.96766762000834,135.28307289992907,102.90779010752549,104.0801057657033,89.05219892994822,103.89178389776247,110.54823964239554,108.69964149343497,165.2398348911078,139.83285714285716,165.14028554421768,12.061904761904762
465,2018-07-01,130.27471251153673,133.7886567933896,100.18525695870485,101.33013955678165,86.65389694093334,101.27124440434947,108.61766004526496,110.38302216338502,167.91817919298322,133.03523809523813,156.55426547619047,11.155238095238095
466,2018-08-01,127.97718280823732,131.56905123006993,96.18405699158714,97.36134441899029,82.26970450570956,97.44554418391651,105.97916883833585,116.95914060002289,165.2816283585246,128.54869565217396,162.52225854037263,10.455217391304346
467,2018-09-01,132.4258440759246,136.54612147573593,97.25393091910827,98.62668218060314,81.02939264300888,98.22538827048334,104.79703834732918,121.93663224261657,174.6601010293215,124.38736842105266,154.9450033834586,10.783684210526316
468,2018-10-01,133.42602934989884,137.50611232502973,99.30820006697937,100.42137832663246,86.15155341986876,99.8025528892528,103.14671798088915,123.87632735356533,179.0563125815789,140.57565217391308,160.36556506211176,13.184782608695652
469,2018-11-01,121.85279466804238,124.57327749245341,95.10219911532607,95.85522422372674,86.20220023220243,95.86163860403671,100.99904434529813,118.75679864332199,146.29192816983564,142.11500000000004,160.8782076785714,12.792380952380954
470,2018-12-01,115.9628283712471,117.77248851684381,97.40436161692566,98.689926328298,82.21028061251265,98.19703071315914,103.55922589321774,113.17330487519301,126.07675794771711,130.72125000000003,167.48988055555557,12.553500000000001
471,2019-01-01,117.0782439312927,118.61695668274979,99.1188545234065,100.46654163406639,83.19054928382795,99.68774656389095,103.53614960111605,112.0407702533865,131.42337710754234,132.61857142857147,166.84624149659865,12.680952380952379
472,2019-02-01,119.0115250081528,120.51230573166382,97.62230594876499,98.77220507307229,84.0316556399387,98.39328843888214,103.60877950830836,105.23823549239256,142.52826157374665,134.47947368421055,169.65628345864658,12.928947368421051
473,2019-03-01,119.91003631374713,121.68616986422288,96.78450411356908,98.06310972074648,81.67267271660175,97.89523667823923,105.40904645448667,110.53635857600597,148.8600453381161,129.40428571428575,166.32133197278912,12.473809523809523
474,2019-04-01,123.4167306132176,125.72055458174427,100.00047309512767,101.56920127626263,81.45968487403043,100.60326825982209,104.6810168967323,117.5553226786178,160.45414525027914,128.44000000000003,161.65338656462583,12.535714285714283
475,2019-05-01,120.47754081485459,122.47148528686486,96.7784035245291,98.09428908056799,81.22596065321805,97.89343945621272,105.43636036340688,114.92691713284438,157.12435658797332,127.79227272727276,171.18015357142855,11.825000000000001
476,2019-06-01,115.5289424292911,116.28250450507426,98.98041992068569,100.21284140868016,84.41443832946914,99.75033366946973,104.95859498860995,112.38765804173337,139.91703988015234,137.96500000000003,195.16792232142853,12.439500000000002
477,2019-07-01,117.96795442067405,118.50865186087199,99.0623532529065,100.2719739356133,84.76585423183354,99.37506791662618,101.49049927442621,110.8858531313037,144.44670037750404,141.28523809523813,189.48637321428566,12.128636363636362
478,2019-08-01,112.71228204303013,111.88066740647325,96.92869960637326,98.26042979659047,81.18898910624391,97.01786767223467,97.62106587341263,110.08767239133918,136.17066557838777,134.4968181818182,163.6286142857142,11.55545454545455
479,2019-09-01,114.8090662669791,114.10122990743594,95.07714558582579,96.05305775024812,83.54284602995509,95.37107494419992,97.35942871784974,109.44699146472867,142.3262325429972,136.41500000000002,157.37443660714283,11.158000000000001
480,2019-10-01,113.02163190855677,112.26124247213774,95.45939096971108,96.42774735125127,84.01439316282853,95.5187346683925,95.92017897415441,104.47184422743986,135.54600065811735,133.42913043478265,167.29779409937888,12.457391304347828
481,2019-11-01,116.90799977154074,116.81187519280343,99.16895103328498,100.01078203644526,89.21935585468879,99.17114513592574,99.18598765553523,98.22565365286906,142.59580836943252,148.80842105263162,166.3617855263158,12.687
482,2019-12-01,119.9126730166305,120.10184199218021,102.77669227747668,103.73135981722206,91.49348280318243,102.30582955782494,99.12056875002573,97.43301482742176,149.21508218750705,164.44000000000003,167.05901732142857,13.335238095238097
483,2020-01-01,119.55472553602233,118.93645846139431,104.10395309744769,105.36144797899708,89.24162923006335,103.85735871470224,102.1892134358331,96.74249189342946,145.13585605005483,150.3566666666667,171.81413520408165,14.166666666666666
484,2020-02-01,111.09229181390086,109.18652187069488,100.38633050656946,101.40212315262171,88.38068379639412,100.41225644009415,100.58763847081173,102.51579987587029,126.52869516698097,145.86105263157899,168.74459849624057,15.071052631578949
485,2020-03-01,93.87389843406274,90.06710381906964,96.91225053451069,97.70900968717967,87.49535926519724,96.78264692604388,95.9059130557047,108.36654203022817,76.21967966725471,161.4627272727273,162.17914821428568,11.805
486,2020-04-01,84.16182234537622,78.43158645960389,92.95841839251764,93.51943781448693,86.32773347479717,92.82263824258472,91.9041217153507,109.54738588741591,50.44631227252892,163.70190476190479,147.01216020408162,10.051904761904764
